record_id,db_source,author,year,title,doi,reviewer1,reviewer2,reviewer3,exclusion_reason
1,WoS,Arisi,2023,"Dietary intake of anthocyanins improves arterial stiffness, but not endothelial function, in volunteers with excess weight: A randomized clinical trial",10.1002/ptr.7659,include,include,include,
2,WoS,Tsang,2018,Antioxidant Rich Potato Improves Arterial Stiffness in Healthy Adults,10.1007/s11130-018-0673-2,include,include,include,
3,WoS,Parmenter,2022,Higher habitual dietary flavonoid intake associates with lower central blood pressure and arterial stiffness in healthy older adults,10.1017/s000711452100324x,include,include,include,
4,WoS,Lilamand,2014,Flavonoids and arterial stiffness: Promising perspectives,10.1016/j.numecd.2014.01.015,exclude,exclude,exclude,Review or non-original article
5,WoS,Fairlie-Jones,2017,The Effect of Anthocyanin-Rich Foods or Extracts on Vascular Function in Adults: A Systematic Review and Meta-Analysis of Randomised Controlled Trials,10.3390/nu9080908,include,include,include,
6,WoS,Li,2020,Blood Orange Juice Consumption Increases Flow-Mediated Dilation in Adults with Overweight and Obesity: A Randomized Controlled Trial,10.1093/jn/nxaa158,include,include,include,
7,WoS,Mcanulty,2019,Time course of blueberry ingestion on measures of arterial stiffness and blood pressure,10.3233/jbr-190413,include,include,include,
8,WoS,Jennings,2012,Higher anthocyanin intake is associated with lower arterial stiffness and central blood pressure in women,10.3945/ajcn.112.042036,include,include,include,
9,WoS,Woolf,2023,Protective effects of blueberries on vascular function: A narrative review of preclinical and clinical evidence,10.1016/j.nutres.2023.09.007,exclude,exclude,exclude,Review or non-original article
10,WoS,Lynn,2014,Effect of a Tart Cherry Juice Supplement on Arterial Stiffness and Inflammation in Healthy Adults: A Randomised Controlled Trial,10.1007/s11130-014-0409-x,include,include,include,
11,WoS,Dohadwala,2011,Effects of cranberry juice consumption on vascular function in patients with coronary artery disease,10.3945/ajcn.110.004242,include,include,include,
12,WoS,Clark,2015,Efficacy of flavonoids in the management of high blood pressure,10.1093/nutrit/nuv048,exclude,exclude,exclude,Review or non-original article
13,WoS,Khani,2025,A systematic review of the mechanisms of cardiovascular disease reduction by dietary flavonoids: the impact of anthocyanins on flow-mediated dilation and blood rheology,10.1186/s40795-025-01086-2,include,include,include,
14,WoS,Ellis,2024,Effects of Anthocyanins on Cognition and Vascular Function: A Systematic Review,10.1002/mnfr.202300502,include,include,include,
15,WoS,Okamoto,2020,"Effects of blackcurrant extract on arterial functions in older adults: A randomized, double-blind, placebo-controlled, crossover trial",10.1080/10641963.2020.1764015,include,include,include,
16,WoS,Wood,2023,Wild blueberry (poly)phenols can improve vascular function and cognitive performance in healthy older individuals: a double-blind randomized controlled trial,10.1016/j.ajcnut.2023.03.017,include,include,include,
17,WoS,Kay,2012,"Relative impact of flavonoid composition, dose and structure on vascular function: A systematic review of randomised controlled trials of flavonoid-rich food products",10.1002/mnfr.201200363,include,include,include,
18,WoS,Kimble,2021,The influence of tart cherries (Prunus Cerasus) on vascular function and the urinary metabolome: a randomised placebo-controlled pilot study,10.1017/jns.2021.68,include,include,include,
19,WoS,Yamashita,2020,"Black Soybean Improves Vascular Function and Blood Pressure: A Randomized, Placebo Controlled, Crossover Trial in Humans",10.3390/nu12092755,include,include,include,
20,WoS,Liu,2025,"Purified Anthocyanins Indicated No Significant Effect on Arterial Stiffness, Four-Limb Blood Pressures and Cardiovascular Risk-A 12-Week Dose-Response Trial in Chinese Middle-Aged and Elderly Adults with Hyperglycemia",10.3390/nu18010112,include,include,include,
21,WoS,Guevara,2026,Effects of Oral Berry Supplementation on Blood Pressure in Adults with Hypertension or Elevated Blood Pressure: A Systematic Review and Meta-Analysis of Randomized Controlled Trials,10.3390/nu18101504,include,include,include,
22,WoS,Johnson,2020,Effects of Montmorency Tart Cherry Juice Consumption on Cardiometabolic Biomarkers in Adults with Metabolic Syndrome: A Randomized Controlled Pilot Trial,10.1089/jmf.2019.0240,include,include,include,
23,WoS,Amini,2025,"Acute Effects of an Anthocyanin-Rich Blackcurrant Beverage on Markers of Cardiovascular Disease Risk in Healthy Adults: A Randomized, Double-Blind, Placebo-Controlled, Crossover Trial",10.1016/j.tjnut.2025.05.017,include,include,include,
24,WoS,Hügel,2016,Polyphenol protection and treatment of hypertension,10.1016/j.phymed.2015.12.012,exclude,exclude,exclude,Review or non-original article
25,WoS,Huang,2021,"Strawberry Consumption, Cardiometabolic Risk Factors, and Vascular Function: A Randomized Controlled Trial in Adults with Moderate Hypercholesterolemia",10.1093/jn/nxab034,include,include,include,
26,WoS,Mozos,2021,Effects of Anthocyanins on Vascular Health,10.3390/biom11060811,exclude,exclude,exclude,Review or non-original article
27,WoS,McAnulty,2014,Six weeks daily ingestion of whole blueberry powder increases natural killer cell counts and reduces arterial Stiffness in sedentary males and females,10.1016/j.nutres.2014.07.002,include,include,include,
28,WoS,Kivimäki,2013,Lingonberry juice lowers blood pressure of spontaneously hypertensive rats (SHR),10.1016/j.jff.2013.05.012,exclude,exclude,exclude,Animal or in vitro study
29,WoS,Godos,2019,"Dietary Polyphenol Intake, Blood Pressure, and Hypertension: A Systematic Review and Meta-Analysis of Observational Studies",10.3390/antiox8060152,include,include,include,
30,WoS,Jurja,2025,Blueberries and Honeysuckle Berries: Anthocyanin-Rich Polyphenols for Vascular Endothelial Health and Cardiovascular Disease Prevention,10.3390/nu17243888,exclude,exclude,exclude,Review or non-original article
31,WoS,Malinowski,2020,Bioactive Compounds and Their Effect on Blood Pressure-A Review,10.3390/nu12061659,exclude,exclude,exclude,Review or non-original article
32,WoS,Ahles,2021,"Effects of Berry Anthocyanins on Cognitive Performance, Vascular Function and Cardiometabolic Risk Markers: A Systematic Review of Randomized Placebo-Controlled Intervention Studies in Humans",10.3390/ijms22126482,include,include,include,
33,WoS,Kimble,2021,"The Influence of Tart Cherry (Prunus cerasus, cv Montmorency) Concentrate Supplementation for 3 Months on Cardiometabolic Risk Factors in Middle-Aged Adults: A Randomised, Placebo-Controlled Trial",10.3390/nu13051417,include,include,include,
34,WoS,Vendrame,2022,The Role of Berry Consumption on Blood Pressure Regulation and Hypertension: An Overview of the Clinical Evidence,10.3390/nu14132701,exclude,exclude,exclude,Review or non-original article
35,WoS,Knarik,2024,Effects of sour cherry fruits on platelet aggregation and arterial blood pressure,10.31989/ffhd.v14i8.1402,exclude,exclude,exclude,Review or non-original article
36,WoS,Safaeian,2016,The Effect of Protocatechuic Acid on Blood Pressure and Oxidative Stress in Glucocorticoid-induced Hypertension in Rat,,exclude,exclude,exclude,Animal or in vitro study
37,WoS,Istas,2018,Plasma urolithin metabolites correlate with improvements in endothelial function after red raspberry consumption: A double-blind randomized controlled trial,10.1016/j.abb.2018.05.016,include,include,include,
38,WoS,Charoenwoodhipong,2023,The Effect of Hokkaido Red Wines on Vascular Outcomes in Healthy Adult Men: A Pilot Study,10.3390/nu15184054,include,include,include,
39,WoS,Hellström,2010,"Blood pressure-lowering properties of chokeberry (Aronia mitchurinii, var. Viking)",10.1016/j.jff.2010.04.004,exclude,exclude,exclude,Animal or in vitro study
40,WoS,Jeong,2016,Black Raspberry Extract Increased Circulating Endothelial Progenitor Cells and Improved Arterial Stiffness in Patients with Metabolic Syndrome: A Randomized Controlled Trial,10.1089/jmf.2015.3563,include,include,include,
41,WoS,Khalili,2011,The Effects of Aqueous Extract of Vaccinium Arctostaphylos Leaves on Blood Pressure in Renal Hypertensive Rats,,exclude,exclude,exclude,Animal or in vitro study
42,WoS,Huang,2013,Bioactive Natural Constituents from Food Sources - Potential Use in Hypertension Prevention and Treatment,10.1080/10408398.2010.550071,exclude,exclude,exclude,Review or non-original article
43,WoS,Betanzos-Cabrera,2026,Postprandial Antihypertensive Evaluation of Microencapsulated Pomegranate Juice in Women With Mild Hypertension: A Randomized Pilot Study,10.1155/ijhy/7665540,include,include,include,
44,WoS,López-Fernández-Sobrino,2021,ACE Inhibitory and Antihypertensive Activities of Wine Lees and Relationship among Bioactivity and Phenolic Profile,10.3390/nu13020679,exclude,exclude,exclude,Animal or in vitro study
45,WoS,Vendrame,2019,Potential Factors Influencing the Effects of Anthocyanins on Blood Pressure Regulation in Humans: A Review,10.3390/nu11061431,exclude,exclude,exclude,Review or non-original article
46,WoS,Alqurashi,2016,Consumption of a flavonoid-rich acai meal is associated with acute improvements in vascular function and a reduction in total oxidative status in healthy overweight men,10.3945/ajcn.115.128728,include,include,include,
47,WoS,Tucci,2024,"A serving of blueberry (Vaccinium corymbosum) improves peripheral vascular function but not metabolic and functional markers in older subjects: A randomized, controlled, crossover study",10.1016/j.foodres.2024.115189,include,include,include,
48,WoS,Landberg,2012,Diet and endothelial function: from individual components to dietary patterns,10.1097/mol.0b013e328351123a,exclude,exclude,exclude,Review or non-original article
49,WoS,Pekas,2021,Combined anthocyanins and bromelain supplement improves endothelial function and skeletal muscle oxygenation status in adults: a double-blind placebo-controlled randomised crossover clinical trial,10.1017/s0007114520002548,include,include,include,
50,WoS,Del Bo',2013,A single portion of blueberry (Vaccinium corymbosum L) improves protection against DNA damage but not vascular function in healthy male volunteers,10.1016/j.nutres.2012.12.009,include,include,include,
51,WoS,Zhang,2018,A review on the structure-activity relationship of dietary flavonoids for protecting vascular endothelial function: Current understanding and future issues,10.1111/jfbc.12557,exclude,exclude,exclude,Review or non-original article
52,WoS,Grosso,2022,The Effect of Dietary Polyphenols on Vascular Health and Hypertension: Current Evidence and Mechanisms of Action,10.3390/nu14030545,exclude,exclude,exclude,Review or non-original article
53,WoS,Hassellund,2012,Effects of anthocyanins on blood pressure and stress reactivity: a double-blind randomized placebo-controlled crossover study,10.1038/jhh.2011.41,include,include,include,
54,WoS,Igwe,2017,Anthocyanin-rich plum juice reduces ambulatory blood pressure but not acute cognitive function in younger and older adults: a pilot crossover dose-timing study,10.1016/j.nutres.2017.08.006,include,include,include,
55,WoS,Sandoval-Ramírez,2022,The health benefits of anthocyanins: an umbrella review of systematic reviews and meta-analyses of observational studies and controlled clinical trials,10.1093/nutrit/nuab086,include,include,include,
56,WoS,Balestra,2016,A red orange extract modulates the vascular response to a recreational dive: a pilot study on the effect of anthocyanins on the physiological consequences of scuba diving,10.1080/14786419.2015.1107062,include,include,include,
57,WoS,Kent,2016,Acute reduction in blood pressure following consumption of anthocyanin-rich cherry juice may be dose-interval dependant: a pilot cross-over study,10.3109/09637486.2015.1121472,include,include,include,
58,WoS,Asgary,2017,Pomegranate Consumption and Blood Pressure: A Review,10.2174/1381612822666161010103339,exclude,exclude,exclude,Review or non-original article
59,WoS,Rodriguez-Mateos,2014,Impact of processing on the bioavailability and vascular effects of blueberry (poly)phenols,10.1002/mnfr.201400231,exclude,exclude,exclude,Other reason not meeting eligibility criteria
60,WoS,Pacheco-Hernández,2026,Antihypertensive Potential of Selected Edible Sources From the Northeastern Highlands of Puebla Mexico and Their Main Phenolic Compounds,10.1002/cbdv.71410,exclude,exclude,exclude,Animal or in vitro study
61,WoS,Bell,2019,"A pilot dose-response study of the acute effects of haskap berry extract (Lonicera caerulea L.) on cognition, mood, and blood pressure in older adults",10.1007/s00394-018-1877-9,include,include,include,
62,WoS,Nwachukwu,2015,Effect of Hibiscus sabdariffa on blood pressure and electrolyte profile of mild to moderate hypertensive Nigerians: A comparative study with hydrochlorothiazide,10.4103/1119-3077.163278,exclude,exclude,include,Other reason not meeting eligibility criteria
63,WoS,Ahles,2024,"Short-term Aronia melanocarpa extract supplementation improves cognitive performance: a randomized, double-blind, placebo-controlled cross-over study in healthy young adults",10.1007/s00394-024-03381-3,include,include,include,
64,WoS,Safaeian,2018,Antihypertensive and antioxidant effects of protocatechuic acid in deoxycorticosterone acetate-salt hypertensive rats,10.1016/j.biopha.2018.01.107,exclude,exclude,exclude,Animal or in vitro study
65,WoS,Wood,2019,Blueberries and cardiovascular disease prevention,10.1039/c9fo02291k,exclude,exclude,exclude,Review or non-original article
66,WoS,Keane,2016,"Montmorency Tart cherries (Prunus cerasus L.) modulate vascular function acutely, in the absence of improvement in cognitive performance",10.1017/s0007114516004177,include,include,include,
67,WoS,Loo,2016,Consumption of chokeberry (Aronia mitschurinii) products modestly lowered blood pressure and reduced low-grade inflammation in patients with mildly elevated blood pressure,10.1016/j.nutres.2016.09.005,include,include,include,
68,WoS,Ahles,2026,"Aronia melanocarpa extract supplementation affects brain vascular function and cognitive performance: A randomized, double-blind, placebo-controlled, cross-over study in older adults with overweight or obesity",10.1016/j.clnu.2025.106561,include,include,include,
69,WoS,Auger,2024,Potential of Anthocyanin-rich Products to Prevent and Improve Endothelial Function and Senescence: Focus on Anthocyanins,10.1021/acs.jafc.4c04727,exclude,exclude,exclude,Review or non-original article
70,WoS,López-Fernández-Sobrino,2021,Blood Pressure-Lowering Effect of Wine Lees Phenolic Compounds Is Mediated by Endothelial-Derived Factors: Role of Sirtuin 1,10.3390/antiox10071073,exclude,exclude,exclude,Animal or in vitro study
71,WoS,Tomisawa,2019,Effects of Blackcurrant Anthocyanin on Endothelial Function and Peripheral Temperature in Young Smokers,10.3390/molecules24234295,include,include,include,
72,WoS,Luna-Vázquez,2013,Nutraceutical Value of Black Cherry Prunus serotina Ehrh. Fruits: Antioxidant and Antihypertensive Properties,10.3390/molecules181214597,exclude,exclude,exclude,Animal or in vitro study
73,WoS,Han,2020,"The effect of sour cherry consumption on blood pressure, IL-6, CRP, and TNF-α levels: A systematic review and meta-analysis of randomized controlled trials sour cherry consumption and blood pressure",10.1016/j.jksus.2020.01.002,include,include,include,
74,WoS,Zibadi,2007,Oral administration of purple passion fruit peel extract attenuates blood pressure in female spontaneously hypertensive rats and humans,10.1016/j.nutres.2007.05.004,exclude,include,include,Animal or in vitro study
75,WoS,Curtis,2019,"Blueberries improve biomarkers of cardiometabolic function in participants with metabolic syndrome-results from a 6-month, double-blind, randomized controlled trial",10.1093/ajcn/nqy380,include,include,include,
76,WoS,Lewis,2013,Antihypertensive effect of passion fruit peel extract and its major bioactive components following acute supplementation in spontaneously hypertensive rats,10.1016/j.jnutbio.2012.11.003,exclude,exclude,exclude,Animal or in vitro study
77,WoS,Lajous,2016,Flavonoid intake and incident hypertension in women,10.3945/ajcn.115.109249,include,include,include,
78,WoS,Zhu,2011,Purified Anthocyanin Supplementation Improves Endothelial Function via NO-cGMP Activation in Hypercholesterolemic Individuals,10.1373/clinchem.2011.167361,include,include,include,
79,WoS,de Figueiredo,2017,Antioxidant and Antihypertensive Effects of a Chemically Defined Fraction of Syrah Red Wine on Spontaneously Hypertensive Rats,10.3390/nu9060574,exclude,exclude,exclude,Animal or in vitro study
80,WoS,Riso,2013,"Effect of a wild blueberry (Vaccinium angustifolium) drink intervention on markers of oxidative stress, inflammation and endothelial function in humans with cardiovascular risk factors",10.1007/s00394-012-0402-9,include,include,include,
81,WoS,Omachi,2025,"Phytochemical Profiles, In Vitro Antioxidants and Antihypertensive Properties of Wild Blueberries (Vaccinium angustifolium)",10.3390/foods14244281,exclude,exclude,exclude,Animal or in vitro study
82,WoS,Maaliki,2019,Flavonoids in hypertension: a brief review of the underlying mechanisms,10.1016/j.coph.2019.04.014,exclude,exclude,exclude,Review or non-original article
83,WoS,Jennings,2021,Microbial Diversity and Abundance of Parabacteroides Mediate the Associations Between Higher Intake of Flavonoid-Rich Foods and Lower Blood Pressure,10.1161/hypertensionaha.121.17441,exclude,include,include,Observational design
84,WoS,Draijer,2015,Consumption of a Polyphenol-Rich Grape-Wine Extract Lowers Ambulatory Blood Pressure in Mildly Hypertensive Subjects,10.3390/nu7053138,include,include,include,
85,WoS,Rahmani,2019,"The effect of Aronia consumption on lipid profile, blood pressure, and biomarkers of inflammation: A systematic review and meta-analysis of randomized controlled trials",10.1002/ptr.6398,include,include,include,
86,WoS,McKay,2010,Hibiscus Sabdariffa L. Tea (Tisane) Lowers Blood Pressure in Prehypertensive and Mildly Hypertensive Adults,10.3945/jn.109.115097,include,include,include,
87,WoS,Xu,2023,Anthocyanin attenuates high salt-induced hypertension via inhibiting the hyperactivity of the sympathetic nervous system,10.1080/10641963.2023.2233717,exclude,exclude,exclude,Animal or in vitro study
88,WoS,Kamyab,2022,"Pharmaceutical Properties of Hibiscus sabdariffa, Toward an Ideal Treatment for Hypertension",10.34172/ps.2021.68,exclude,exclude,exclude,Review or non-original article
89,WoS,Grohmann,2021,Efficacy of Bilberry and Grape Seed Extract Supplement Interventions to Improve Glucose and Cholesterol Metabolism and Blood Pressure in Different Populations-A Systematic Review of the Literature,10.3390/nu13051692,include,include,include,
90,WoS,Yarhosseini,2023,"Effect of Cornus mas L. fruit extract on blood pressure, anthropometric and body composition indices in patients with non-alcoholic fatty liver disease: A double-blind randomized controlled trial",10.1016/j.clnesp.2023.04.018,include,include,include,
91,WoS,Akagi,2024,Black Soybean Seed Coat Extract Improves Endothelial Function and Upregulates Oxidative Stress Marker Expression in Healthy Volunteers by Stimulating Nitric Oxide Production in Endothelial Cells,10.1089/jmf.2023.k.0149,include,include,include,
92,WoS,Norouzzadeh,2023,Dose-dependent effect of tart cherry on blood pressure and selected inflammation biomarkers: A GRADE-assessed systematic review and meta-analysis of randomized controlled trials,10.1016/j.heliyon.2023.e19987,include,include,include,
93,WoS,Niu,2025,The relationship between dietary flavonoid intake and hypertension: a cross-sectional study from NHANES,10.3389/fcvm.2025.1518549,include,include,include,
94,WoS,Chiu,2022,Improvement on blood pressure and skin using roselle drink: A clinical trial,10.1111/jfbc.14287,include,include,include,
95,WoS,Desai,2021,Effects of short-term continuous Montmorency tart cherry juice supplementation in participants with metabolic syndrome,10.1007/s00394-020-02355-5,include,include,include,
96,WoS,Festa,2021,Potential Benefits of Berry Anthocyanins on Vascular Function,10.1002/mnfr.202100170,exclude,exclude,exclude,Review or non-original article
97,WoS,Yamashita,2020,Black soybean improves the vascular function through an increase in nitric oxide and a decrease in oxidative stress in healthy women,10.1016/j.abb.2020.108408,include,include,include,
98,WoS,Ahles,2020,"The Effect of Long-TermAroniamelanocarpaExtract Supplementation on Cognitive Performance, Mood, and Vascular Function: A Randomized Controlled Trial in Healthy, Middle-Aged Individuals",10.3390/nu12082475,include,include,include,
99,WoS,Hillman,2026,"Montmorency tart cherry supplementation does not impact sleep, body composition, cellular health, or blood pressure in healthy adults",10.1177/02601060221111230,include,include,include,
100,WoS,Khan,2024,Optimization of Ultrasound Extraction of Total Anthocyanin From Berberis kaschgarica Rupr. by Response Surface Methodology and Its Antihypertensive Effect,10.1002/fsn3.4591,exclude,exclude,exclude,Animal or in vitro study
101,WoS,Liu,2014,Anthocyanin increases adiponectin secretion and protects against diabetes-related endothelial dysfunction,10.1152/ajpendo.00699.2013,exclude,exclude,exclude,Animal or in vitro study
102,WoS,Igwe,2020,"Low anthocyanin plum nectar does not impact cognition, blood pressure and gut microbiota in healthy older adults: A randomized crossover trial",10.1016/j.nutres.2020.08.003,include,include,include,
103,WoS,Hopkins,2013,Hibiscus sabdariffa L. in the treatment of hypertension and hyperlipidemia: A comprehensive review of animal and human studies,10.1016/j.fitote.2013.01.003,exclude,exclude,exclude,Review or non-original article
104,WoS,Edwards,2015,Phenolic Metabolites of Anthocyanins Modulate Mechanisms of Endothelial Function,10.1021/jf5041993,exclude,exclude,exclude,Animal or in vitro study
105,WoS,Keathley,2022,"Changes in systolic blood pressure, postprandial glucose, and gut microbial composition following mango consumption in individuals with overweight and obesity",10.1139/apnm-2021-0637,exclude,exclude,exclude,Other reason not meeting eligibility criteria
106,WoS,Del Bo,2014,A single serving of blueberry (V-corymbosum) modulates peripheral arterial dysfunction induced by acute cigarette smoking in young volunteers: a randomized-controlled trial,10.1039/c4fo00570h,include,include,include,
107,WoS,Godyla-Jablonski,2024,Effects of Anthocyanins on Components of Metabolic Syndrome-A Review,10.3390/nu16081103,exclude,exclude,exclude,Review or non-original article
108,WoS,Yadav,2026,The Role of Anthocyanins in Cardiovascular Health: A Review,10.2174/011573403x372621250716123921,exclude,exclude,exclude,Review or non-original article
109,WoS,Rodriguez-Mateos,2014,Berry (Poly)phenols and Cardiovascular Health,10.1021/jf403757g,exclude,exclude,exclude,Review or non-original article
110,WoS,Hayta,2018,"Antidiabetic, Antihypertensive and Antioxidant Properties of Grapevine Leaf Extracts Obtained by Ultrasound, Microwave Assisted, and Classical Solvent Extraction",10.1007/s10341-018-0406-6,exclude,exclude,exclude,Animal or in vitro study
111,WoS,Amiot,2016,Effects of dietary polyphenols on metabolic syndrome features in humans: a systematic review,10.1111/obr.12409,exclude,exclude,exclude,Other reason not meeting eligibility criteria
112,WoS,Rodriguez-Mateos,2013,"Blueberry intervention improves vascular reactivity and lowers blood pressure in high-fat-, high-cholesterol-fed rats",10.1017/s0007114512003911,exclude,exclude,exclude,Animal or in vitro study
113,WoS,Liu,2025,Anthocyanin attenuates pulmonary arterial hypertension and associated heart failure via improving mitochondrial function through Nrf2-dependent mechanism,10.1080/10641963.2025.2503805,exclude,exclude,exclude,Animal or in vitro study
114,WoS,Zhu,2017,Effects of blueberry supplementation on blood pressure: a systematic review and meta-analysis of randomized clinical trials,10.1038/jhh.2016.70,include,include,include,
115,WoS,Thandapilly,2012,Vascular and Cardiac Effects of Grape Powder in the Spontaneously Hypertensive Rat,10.1038/ajh.2012.98,exclude,exclude,exclude,Animal or in vitro study
116,WoS,Ye,2025,Anthocyanin-enriched purple potato flour modulates gut microbiota and short-chain fatty acids to prevent hypertension: insights from preclinical models and mendelian randomization analysis,10.1039/d5fo03028e,exclude,exclude,exclude,Animal or in vitro study
117,WoS,Wan,2024,Association between dietary flavonoid intake and hypertension among US adults,10.3389/fimmu.2024.1380493,include,include,include,
118,WoS,Vinson,2012,High-Antioxidant Potatoes: Acute in Vivo Antioxidant Source and Hypotensive Agent in Humans after Supplementation to Hypertensive Subjects,10.1021/jf2045262,include,include,include,
119,WoS,Butnariu,2023,Plant-food-derived Bioactives in Managing Hypertension: From Current Findings to Upcoming Effective Pharmacotherapies,10.2174/1568026623666230106144509,exclude,exclude,exclude,Review or non-original article
120,WoS,Yarmohammadi,2021,Effect of eggplant (Solanum melongena) on the metabolic syndrome: A review,10.22038/ijbms.2021.50276.11452,exclude,exclude,exclude,Review or non-original article
121,WoS,Salem,2022,A Comparative Study of the Antihypertensive and Cardioprotective Potentials of Hot and Cold Aqueous Extracts of Hibiscus sabdariffa L. in Relation to Their Metabolic Profiles,10.3389/fphar.2022.840478,exclude,exclude,exclude,Animal or in vitro study
122,WoS,Oki,2016,"Effect of consuming a purple-fleshed sweet potato beverage on health-related biomarkers and safety parameters in Caucasian subjects with elevated levels of blood pressure and liver function biomarkers: a 4-week, open-label, non-comparative trial",10.12938/bmfh.2015-026,include,include,include,
123,WoS,Kanthlal,2020,Antioxidant and vasorelaxant effects of aqueous extract of large cardamom in L-NAME induced hypertensive rats,10.1080/10641963.2020.1739699,exclude,exclude,exclude,Animal or in vitro study
124,WoS,Hu,2024,The association between flavonoids intake and hypertension in US adults: A cross-sectional study from The National Health and Nutrition Examination Survey,10.1111/jch.14807,include,include,include,
125,WoS,Herrera-Arellano,2004,Effectiveness and tolerability of a standardized extract from Hibiscus sabdariffa in patients with mild to moderate hypertension: a controlled and randomized clinical trial,10.1016/j.phymed.2004.04.001,include,include,include,
126,WoS,Igwe,2019,"Usual dietary anthocyanin intake, sources and their association with blood pressure in a representative sample of Australian adults",10.1111/jhn.12647,include,include,include,
127,WoS,Gai,2023,Recent advances in understanding dietary polyphenols protecting against hypertension,10.1016/j.tifs.2023.07.008,exclude,exclude,exclude,Review or non-original article
128,WoS,Escobar-Ramírez,2023,The Hypotensive and Vasodilatory Effects Observed in Rats Exposed to Chiranthodendron pentadactylon Larreat Flowers Can Be Attributed to Cyanidin 3-O-Glucoside,10.3390/molecules28237698,exclude,exclude,exclude,Animal or in vitro study
129,WoS,Wright,2013,"A randomized, double-blind, placebo-controlled trial of the effect of dried purple carrot on body mass, lipids, blood pressure, body composition, and inflammatory markers in overweight and obese adults: The QUENCH Trial",10.1139/cjpp-2012-0349,include,include,include,
130,WoS,Amaya,2025,MICROENCAPSULATED POWDERS OF AGRAZ (Vaccinium meridionale Swartz) FRUIT AS A CARRIER FOR METABOLITES WITH IN VITRO ANTIHYPERTENSIVE ACTIVITY,10.21577/0100-4042.20250175,exclude,exclude,exclude,Animal or in vitro study
131,WoS,Keane,2018,Effects of montmorency tart cherry (L-Prunus Cerasus) consumption on nitric oxide biomarkers and exercise performance,10.1111/sms.13088,include,include,include,
132,WoS,Marzouk,2021,A cost-effective HPLC-DAD method for quality and stability assessment of antihypertensive herbal extracts in their recently co-formulated nutraceutical product,10.1016/j.microc.2021.106563,exclude,exclude,exclude,Review or non-original article
133,WoS,Aoyama,2008,"Antioxidant, lipid-lowering and antihypertensive effects of red Welsh onion (Allium fistulosum) in spontaneously hypertensive rats",10.3136/fstr.14.99,exclude,exclude,exclude,Animal or in vitro study
134,WoS,Hollands,2018,4-Week consumption of anthocyanin-rich blood orange juice does not affect LDL-cholesterol or other biomarkers of CVD risk and glycaemia compared with standard orange juice: a randomised controlled trial,10.1017/s0007114517003865,include,include,include,
135,WoS,Guzmán-Gerónimo,2017,"Blue Maize Extract Improves Blood Pressure, Lipid Profiles, and Adipose Tissue in High-Sucrose Diet-Induced Metabolic Syndrome in Rats",10.1089/jmf.2016.0087,exclude,exclude,exclude,Animal or in vitro study
136,WoS,Cujic,2018,Characterization of dried chokeberry fruit extract and its chronic effects on blood pressure and oxidative stress in spontaneously hypertensive rats,10.1016/j.jff.2018.02.027,exclude,exclude,exclude,Animal or in vitro study
137,WoS,Khaled,2023,"Natural angiotensin converting enzyme inhibitors: A safeguard against hypertension, respiratory distress syndrome, and chronic kidney diseases",10.1002/ptr.7987,exclude,exclude,exclude,Review or non-original article
138,WoS,Shindo,2007,Effects of dietary administration of plant-derived anthocyanin-rich colors to spontaneously hypertensive rats,10.3177/jnsv.53.90,exclude,exclude,exclude,Animal or in vitro study
139,WoS,Rouyer,2019,"Effects of a High Fat Meal Associated with Water, Juice, or Champagne Consumption on Endothelial Function and Markers of Oxidative Stress and Inflammation in Young, Healthy Subjects",10.3390/jcm8060859,exclude,include,exclude,Other reason not meeting eligibility criteria
140,WoS,Al-Anbaki,2021,"Hibiscus sabdariffa, a Treatment for Uncontrolled Hypertension. Pilot Comparative Intervention",10.3390/plants10051018,include,include,include,
141,WoS,Serban,2015,Effect of sour tea (Hibiscus sabdariffa L.) on arterial hypertension: a systematic review and meta-analysis of randomized controlled trials,10.1097/hjh.0000000000000585,include,include,include,
142,WoS,Pokimica,2019,Chokeberry Juice Containing Polyphenols Does Not Affect Cholesterol or Blood Pressure but Modifies the Composition of Plasma Phospholipids Fatty Acids in Individuals at Cardiovascular Risk,10.3390/nu11040850,include,include,include,
143,WoS,Cassidy,2011,Habitual intake of flavonoid subclasses and incident hypertension in adults,10.3945/ajcn.110.006783,include,include,include,
144,WoS,Sato,2008,Effect of polyphenol-containing azuki bean (vigna angularis) extract on blood pressure elevation and macrophage infiltration in the heart and kidney of spontaneously hypertensive rats,10.1111/j.1440-1681.2007.04743.x,exclude,exclude,exclude,Animal or in vitro study
145,WoS,Mekhora,2026,"Impact of anthocyanin-rich black rice consumption on cognitive function, inflammation and microvascular function in older adults: a crossover intervention trial",10.1039/d5fo04351d,include,include,include,
146,WoS,Bahramsoltani,2019,Dietary polyphenols for atherosclerosis: A comprehensive review and future perspectives,10.1080/10408398.2017.1360244,exclude,exclude,exclude,Review or non-original article
147,WoS,Castro-rosas,2025,"Cahuiche (Vaccinium leucanthum Schltdl.): A berry with antioxidant, antihypertensive and antibacterial potential",10.17221/218/2024-cjfs,exclude,exclude,exclude,Animal or in vitro study
148,WoS,Park,2025,Polyphenolic fractions from black raspberry (Rubus occidentalis) attenuate inflammation and enhance endothelial function in HUVEC,10.1177/18785093251349611,exclude,exclude,exclude,Animal or in vitro study
149,WoS,Bakkar,2019,"Montmorency cherry supplementation attenuates vascular dysfunction induced by prolonged forearm occlusion in overweight, middle-aged men",10.1152/japplphysiol.00804.2018,include,include,include,
150,WoS,Wang,2018,Vasculoprotective Effects of Pomegranate (Punica granatum L.),10.3389/fphar.2018.00544,exclude,exclude,exclude,Review or non-original article
151,WoS,Parichatikanond,2012,"Blockade of the Renin-Angiotensin System with Delphinidin, Cyanin, and Quercetin",10.1055/s-0032-1315198,exclude,exclude,exclude,Animal or in vitro study
152,WoS,Cook,2025,Effects of New Zealand Black Currant Extract on Exercising Substrate Utilization and Postexercise Blood Pressure in Men and Women,10.1123/ijsnem.2024-0108,include,include,include,
153,WoS,Herrera-Arellano,2007,"Clinical effects produced by a standardized herbal medicinal product of Hibiscus sabdariffa on patients with hypertension.: A randomized, double-blind, lisinopril-controlled clinical trial",10.1055/s-2006-957065,include,include,include,
154,WoS,Festa,2022,Elderberries as a potential supplement to improve vascular function in a SARS-CoV-2 environment,10.1111/jfbc.14091,exclude,exclude,exclude,Review or non-original article
155,WoS,Zhu,2016,The Effect of Anthocyanins on Blood Pressure A PRISMA-Compliant Meta-Analysis of Randomized Clinical Trials,10.1097/md.0000000000003380,include,include,include,
156,WoS,Derbyshire,2026,"Polyphenols and Cardiovascular Health: Emerging Relevance for Blueberries, Grapes, and Red-Fleshed Table Grapes",10.3390/nu18121968,exclude,exclude,exclude,Review or non-original article
157,WoS,Curtis,2022,"Blueberry anthocyanin intake attenuates the postprandial cardiometabolic effect of an energy-dense food challenge: Results from a double blind, randomized controlled trial in metabolic syndrome participants",10.1016/j.clnu.2021.11.030,include,include,include,
158,WoS,Mihailavic-Stanojevic,2016,"Moderate consumption of alcohol-free red wine provide more beneficial effects on systemic haemodynamics, lipid profile and oxidative stress in spontaneously hypertensive rats than red wine",10.1016/j.jff.2016.08.051,exclude,exclude,exclude,Animal or in vitro study
159,WoS,Shan,2023,New Zealand Blackcurrant Increases Postexercise Hypotension Following Sustained Moderate-Intensity Exercise,10.1123/ijsnem.2023-0014,include,include,include,
160,WoS,Ciocoiu,2013,The Involvement of a Polyphenol-Rich Extract of Black Chokeberry in Oxidative Stress on Experimental Arterial Hypertension,10.1155/2013/912769,exclude,exclude,exclude,Animal or in vitro study
161,WoS,Kong,2023,Prospective Associations between Cumulative Average Intake of Flavonoids and Hypertension Risk in the CArdioVascular Disease Association Study (CAVAS),10.3390/nu15051186,include,include,include,
162,WoS,do Rosario,2021,"Food anthocyanins decrease concentrations of TNF-α in older adults with mild cognitive impairment: A randomized, controlled, double blind clinical trial",10.1016/j.numecd.2020.11.024,include,include,include,
163,WoS,Ellis,2026,"A randomised, double-blind, placebo-controlled trial to assess the postprandial dose-dependent effects of wild blueberries on metabolic and cognitive outcomes following a high-carbohydrate breakfast",10.1007/s00394-026-03974-0,include,include,include,
164,WoS,Erdal,2022,"Application of ultrasound to the organic cornelian cherry (Cornus mas L.) vinegar: Changes in antibacterial, antidiabetic, antihypertensive, and anticancer activities",10.1111/jfpp.16952,exclude,exclude,exclude,Animal or in vitro study
165,WoS,Sahin,2023,Intake Duration of Anthocyanin-Rich New Zealand Blackcurrant Extract Affects Cardiovascular Responses during Moderate-Intensity Walking But Not at Rest,10.1080/19390211.2021.2005214,include,include,include,
166,WoS,Heiss,2018,"Interventions to slow cardiovascular aging: Dietary restriction, drugs and novel molecules",10.1016/j.exger.2017.06.015,exclude,exclude,exclude,Review or non-original article
167,WoS,Mykkänen,2014,Wild Blueberries (Vaccinium myrtillus) Alleviate Inflammation and Hypertension Associated with Developing Obesity in Mice Fed with a High-Fat Diet,10.1371/journal.pone.0114790,exclude,exclude,exclude,Animal or in vitro study
168,WoS,Wang,2024,Associations of Flavonoid Intakes with Mortality among Populations with Hypertension: A Prospective Cohort Study,10.3390/nu16101534,include,include,include,
169,WoS,Das,2023,Harnessing polyphenol power by targeting eNOS for vascular diseases,10.1080/10408398.2021.1971153,exclude,exclude,exclude,Review or non-original article
170,WoS,Maeda-Yamamoto,2018,"A Randomized, Placebo-Controlled Study on the Safety and Efficacy of Daily Ingestion of Green Tea (Camellia sinensis L.) cv. ""Yabukita"" and ""Sunrouge"" on Eyestrain and Blood Pressure in Healthy Adults",10.3390/nu10050569,include,include,include,
171,WoS,Bhaswant,2019,"Queen Garnet plum juice and raspberry cordial in mildly hypertensive obese or overweight subjects: A randomized, double-blind study",10.1016/j.jff.2019.03.011,include,include,include,
172,WoS,Cheplick,2010,Phenolic-linked variation in strawberry cultivars for potential dietary management of hyperglycemia and related complications of hypertension,10.1016/j.biortech.2009.07.068,exclude,exclude,exclude,Animal or in vitro study
173,WoS,Fushimi,2023,"Impact of cyanidin 3-O-glucoside on rat microand systemic circulation, possibly thorough angiogenesis",10.3164/jcbn.22-50,exclude,exclude,exclude,Animal or in vitro study
174,WoS,Kodikara,2026,Effects of Saskatoon Berry Supplementation on Cardiovascular Function in Spontaneously Hypertensive Rats,10.3390/app16136725,exclude,exclude,exclude,Animal or in vitro study
175,WoS,Ishiguro,2012,Hypotensive effect of a sweetpotato protein digest in spontaneously hypertensive rats and purification of angiotensin I-converting enzyme inhibitory peptides,10.1016/j.foodchem.2011.09.038,exclude,exclude,exclude,Animal or in vitro study
176,WoS,López-Fernández-Sobrino,2021,Enzyme-Assisted Extraction to Obtain Phenolic-Enriched Wine Lees with Enhanced Bioactivity in Hypertensive Rats,10.3390/antiox10040517,exclude,exclude,exclude,Animal or in vitro study
177,WoS,Ojeda,2010,Inhibition of angiotensin convertin enzyme (ACE) activity by the anthocyanins delphinidin- and cyanidin-3-O-sambubiosides from Hibiscus sabdariffa,10.1016/j.jep.2009.09.059,exclude,exclude,exclude,Animal or in vitro study
178,WoS,Seymour,2010,Whole Grape Intake Impacts Cardiac Peroxisome Proliferator-Activated Receptor and Nuclear Factor κB Activity and Cytokine Expression in Rats With Diastolic Dysfunction,10.1161/hypertensionaha.109.149393,exclude,exclude,exclude,Animal or in vitro study
179,WoS,Horiuchi,2025,Post-Exercise Hypotension after Exercising in Hypoxia with and Without Tart Cherry Supplementation,10.1089/ham.2024.0076,include,include,include,
180,WoS,Alsayed,2020,Aqueous Fraction fromHibiscus sabdariffaRelaxes Mesenteric Arteries of Normotensive and Hypertensive Rats through Calcium Current Reduction and Possibly Potassium Channels Modulation,10.3390/nu12061782,exclude,exclude,exclude,Animal or in vitro study
181,WoS,Sabra,2021,"Grape bioactive molecules, and the potential health benefits in reducing the risk of heart diseases",10.1016/j.fochx.2021.100149,exclude,exclude,exclude,Review or non-original article
182,WoS,Broncel,2010,"Aronia melanocarpa extract reduces blood pressure, serum endothelin, lipid, and oxidative stress marker levels in patients with metabolic syndrome",,include,include,include,
183,WoS,Thilavech,2017,Naturally occurring anthocyanin cyanidin-3-rutinoside possesses inherent vasorelaxant actions and prevents methylglyoxal-induced vascular dysfunction in rat aorta and mesenteric arterial bed,10.1016/j.biopha.2017.09.053,exclude,exclude,exclude,Animal or in vitro study
184,WoS,Inuwa,2012,Long-term ingestion of Hibiscus sabdariffa calyx extract enhances myocardial capillarization in the spontaneously hypertensive rat,10.1258/ebm.2012.011357,exclude,exclude,exclude,Animal or in vitro study
185,WoS,Wang,2025,Pioneering Insights into the Complexities of Salt-Sensitive Hypertension: Central Nervous System Mechanisms and Dietary Bioactive Compound Interventions,10.3390/nu17243961,exclude,exclude,exclude,Review or non-original article
186,WoS,Krga,2018,Anthocyanins and their gut metabolites attenuate monocyte adhesion and transendothelial migration through nutrigenomic mechanisms regulating endothelial cell permeability,10.1016/j.freeradbiomed.2018.06.027,exclude,exclude,exclude,Animal or in vitro study
187,WoS,Huang,2018,Malvidin and its Glycosides from Vaccinium ashei Improve Endothelial Function by Anti-inflammatory and Angiotensin I-Converting Enzyme Inhibitory Effects,,exclude,exclude,exclude,Animal or in vitro study
188,WoS,Aviram,2004,"Pomegranate juice consumption for 3 years by patients with carotid artery stenosis reduces common carotid intima-media thickness, blood pressure and LDL oxidation",10.1016/j.clnu.2003.10.002,include,include,include,
189,WoS,Vendrame,2014,Wild blueberry consumption affects aortic vascular function in the obese Zucker rat,10.1139/apnm-2013-0249,exclude,exclude,exclude,Animal or in vitro study
190,WoS,Pedret,2024,"A red-fleshed apple rich in anthocyanins improves endothelial function, reduces inflammation, and modulates the immune system in hypercholesterolemic subjects: the AppleCOR study",10.1039/d3fo05114e,include,include,include,
191,WoS,Suda,2003,Physiological functionality of purple-fleshed sweet potatoes containing anthocyanins and their utilization in foods,10.6090/jarq.37.167,exclude,exclude,exclude,Review or non-original article
192,WoS,Klimis-Zacas,2016,Wild blueberries attenuate risk factors of the metabolic syndrome,10.3233/jbr-160136,exclude,exclude,exclude,Review or non-original article
193,WoS,Desai,2019,Effects of Montmorency tart cherry supplementation on cardio-metabolic markers in metabolic syndrome participants: A pilot study,10.1016/j.jff.2019.04.005,include,include,include,
194,WoS,Skoczynska,2007,Influence of chokeberry juice on arterial blood pressure and lipid parameters in men with mild hypercholesterolemia,,include,include,include,
195,WoS,Kiani,2026,Comparison of Hibiscus sabdariffa L. extract and hydrochlorothiazide as adjuncts to Valsartan in managing hypertension in type 2 diabetic nephropathy: A randomized clinical trial,10.22038/ajp.2025.26575,include,include,include,
196,WoS,Arbizu,2023,"Dark Sweet Cherry (Prunus avium) Supplementation Reduced Blood Pressure and Pro-Inflammatory Interferon Gamma (IFNγ) in Obese Adults without Affecting Lipid Profile, Glucose Levels and Liver Enzymes",10.3390/nu15030681,include,include,include,
197,WoS,Sinclair,2021,Effects of Montmorency Tart Cherry and Blueberry Juice on Cardiometabolic Outcomes in Healthy Individuals: Protocol for a 3-Arm Placebo Randomized Controlled Trial,10.3390/ijerph18189759,exclude,exclude,exclude,"Protocol, abstract or other non-report"
198,WoS,García-Conesa,2018,Meta-Analysis of the Effects of Foods and Derived Products Containing Ellagitannins and Anthocyanins on Cardiometabolic Biomarkers: Analysis of Factors Influencing Variability of the Individual Responses,10.3390/ijms19030694,include,include,include,
199,WoS,Ockermann,2021,A Review of the Properties of Anthocyanins and Their Influence on Factors Affecting Cardiometabolic and Cognitive Health,10.3390/nu13082831,exclude,exclude,exclude,Review or non-original article
200,WoS,Parklak,2024,"Nutraceutical Properties of Thai Mulberry (Morus alba L.) and Their Effects on Metabolic and Cardiovascular Risk Factors in Individuals with Obesity: A Randomized, Single-Blind Crossover Trial",10.3390/nu16244336,include,include,include,
201,WoS,Speciale,2014,Bioavailability and molecular activities of anthocyanins as modulators of endothelial function,10.1007/s12263-014-0404-8,exclude,exclude,exclude,Review or non-original article
202,WoS,Castro-Acosta,2016,"Drinks containing anthocyanin-rich blackcurrant extract decrease postprandial blood glucose, insulin and incretin concentrations",10.1016/j.jnutbio.2016.09.002,exclude,exclude,exclude,Other reason not meeting eligibility criteria
203,WoS,Shao,2021,Cyanidin-3-O-β-glucoside protects against pulmonary artery hypertension induced by monocrotaline via the TGF-β1/p38 MAPK/CREB signaling pathway,10.3892/mmr.2021.11977,exclude,exclude,exclude,Animal or in vitro study
204,WoS,Aguilera,2016,Phenolic compounds in fruits and beverages consumed as part of the mediterranean diet: their role in prevention of chronic diseases,10.1007/s11101-015-9443-z,exclude,exclude,exclude,Review or non-original article
205,WoS,Al-Awwadi,2005,"dExtracts enriched in different polyphenolic families normalize increased cardiac NADPH oxidase expression while having differential effects on insulin resistance, hypertension, and cardiac hypertrophy in high-fructose-fed rats",10.1021/jf048919f,exclude,exclude,exclude,Animal or in vitro study
206,WoS,Mao,2023,Effects of anthocyanin supplementation in diet on glycemic and related cardiovascular biomarkers in patients with type 2 diabetes: a systematic review and meta-analysis of randomized controlled trials,10.3389/fnut.2023.1199815,include,include,include,
207,WoS,Barnes,2020,Anthocyanin-Rich New Zealand Blackcurrant Extract Supports the Maintenance of Forearm Blood-Flow During Prolonged Sedentary Sitting,10.3389/fnut.2020.00074,include,include,include,
208,WoS,Cheng,2024,"Wild Blueberry Extract Intervention in Healthy Older Adults: A Multi-Study, Randomised, Controlled Investigation of Acute Cognitive and Cardiovascular Effects",10.3390/nu16081180,include,include,include,
209,WoS,do Rosario,2020,The Postprandial Effect of Anthocyanins on Cardiovascular Disease Risk Factors: a Systematic Literature Review of High-Fat Meal Challenge Studies,10.1007/s13668-020-00328-y,include,include,include,
210,WoS,Carrizzo,2021,"Healthberry 865(R) and Its Related, Specific, Single Anthocyanins Exert a Direct Vascular Action, Modulating Both Endothelial Function and Oxidative Stress",10.3390/antiox10081191,exclude,exclude,exclude,Animal or in vitro study
211,WoS,Onuh,2023,Cardiovascular disease protective properties of blueberry polyphenols (Vaccinium corymbosum): a concise review,10.1186/s43014-023-00139-y,exclude,exclude,exclude,Review or non-original article
212,WoS,Türck,2020,Blueberry extract decreases oxidative stress and improves functional parameters in lungs from rats with pulmonary arterial hypertension,10.1016/j.nut.2019.110579,exclude,exclude,exclude,Animal or in vitro study
213,WoS,Dehkhoda,2024,Roselle (Hibiscus sabdariffa L.) extract as an adjunct to valsartan in patients with mild chronic kidney disease: A double-blind randomized controlled clinical trial,,include,include,include,
214,WoS,Xu,2021,"Anthocyanins, Anthocyanin-Rich Berries, and Cardiovascular Risks: Systematic Review and Meta-Analysis of 44 Randomized Controlled Trials and 15 Prospective Cohort Studies",10.3389/fnut.2021.747884,include,include,include,
215,WoS,Zingales,2025,Daily Intake of Recommended Servings of Fruit Improves Nutrient Intake but Shows no Major - Effect on Cardiovascular Health or Cognition in Low Fruit Consumers,10.1016/j.cdnut.2025.107544,include,include,include,
216,WoS,Gouveia,2022,Effects of the Treatment with Flavonoids on Metabolic Syndrome Components in Humans: A Systematic Review Focusing on Mechanisms of Action,10.3390/ijms23158344,exclude,exclude,exclude,Other reason not meeting eligibility criteria
217,WoS,Cárdenas-Valdovinos,2025,Phytochemistry and Biological Activities of Hedeoma piperita Benth. (Quiensabe),10.3390/ijms26041640,exclude,exclude,exclude,Review or non-original article
218,WoS,Shi,2019,"The effects of supplementation with blueberry, cyanidin-3-O-β-glucoside, yoghurt and its peptides on obesity and related comorbidities in a diet-induced obese mouse model",10.1016/j.jff.2019.03.002,exclude,exclude,exclude,Animal or in vitro study
219,WoS,Hassellund,2013,Effects of anthocyanins on cardiovascular risk factors and inflammation in pre-hypertensive men: a double-blind randomized placebo-controlled crossover study,10.1038/jhh.2012.4,include,include,include,
220,WoS,Frumuzachi,2025,Impact of a Chokeberry (Aronia melanocarpa (Michx.) Elliott) Supplementation on Cardiometabolic Outcomes: A Critical Systematic Review and Meta-Analysis of Randomized Controlled Trials,10.3390/nu17091488,include,include,include,
221,WoS,Ayoub,2017,The Effect of Anthocyanin-Rich Purple Vegetable Diets on Metabolic Syndrome in Obese Zucker Rats,10.1089/jmf.2017.0025,exclude,exclude,exclude,Animal or in vitro study
222,WoS,Campos-Lozada,2024,Effects of Hyperbaric (Non-Thermal) Sanitization and the Method of Extracting Pomegranate Juice on Its Antioxidant and Antihypertensive Properties,10.3390/antiox13081009,exclude,exclude,exclude,Animal or in vitro study
223,WoS,Emiliano,2011,Metabolic Disorders and Oxidative Stress Programming in Offspring of Rats Fed a High-fat Diet During Lactation: Effects of a Vinifera Grape Skin (ACH09) Extract,10.1097/fjc.0b013e3182244a51,exclude,exclude,exclude,Animal or in vitro study
224,WoS,Sivamaruthi,2020,The Influence of Supplementation of Anthocyanins on Obesity-Associated Comorbidities: A Concise Review,10.3390/foods9060687,exclude,exclude,exclude,Review or non-original article
225,WoS,Jang,2015,Anti-hypertensive effect of grape seed extract in male spontaneously hypertensive rats,10.1007/s10068-015-0297-3,exclude,exclude,exclude,Animal or in vitro study
226,WoS,Daneshzad,2019,Effect of anthocyanin supplementation on cardio-metabolic biomarkers: A systematic review and meta-analysis of randomized controlled trials,10.1016/j.clnu.2018.06.979,include,include,include,
227,WoS,Guardiola,2014,Therapeutic potential of Hibiscus sabdariffa: A review of the scientific evidence,,exclude,exclude,exclude,Review or non-original article
228,WoS,Favot,2003,Involvement of cyclin-dependent pathway in the inhibitory effect of delphinidin on angiogenesis,10.1016/s0008-6363(03)00433-4,exclude,exclude,exclude,Animal or in vitro study
229,WoS,Arshad,2025,Recent Perspectives on the Role of Anthocyanins in Blueberries (Vaccinium spp.) Against Cardiovascular Diseases and Their Complications: An Updated Review,10.1002/efd2.70072,exclude,exclude,exclude,Review or non-original article
230,WoS,Escher,2020,"Clitoria ternatea L. petal bioactive compounds display antioxidant, antihemolytic and antihypertensive effects, inhibit α-amylase and α-glucosidase activities and reduce human LDL cholesterol and DNA induced oxidation",10.1016/j.foodres.2019.108763,exclude,exclude,exclude,Animal or in vitro study
231,WoS,Chakraborty,2021,"Angiotensin-converting enzyme inhibitors from plants: A review of their diversity, modes of action, prospects, and concerns in the management of diabetes-centric complications",10.1016/j.joim.2021.09.006,exclude,exclude,exclude,Review or non-original article
232,WoS,Gilani,2009,Effects of source of protein and supplementary extracted isoflavones and anthocyanins on longevity of Stroke-prone Spontaneously Hypertensive (SHRSP) rats,10.2131/jts.34.335,exclude,exclude,exclude,Animal or in vitro study
233,WoS,Aruga,2014,Responses to a single dose of different polyphenols on the microcirculation and systemic circulation in rats,10.1016/j.jff.2014.06.025,exclude,exclude,exclude,Animal or in vitro study
234,WoS,Hooper,2008,"Flavonoids, flavonoid-rich foods, and cardiovascular risk: a meta-analysis of randomized controlled trials",10.1093/ajcn/88.1.38,include,include,include,
235,WoS,Moosavian,2022,Effects of tart cherry juice consumption on cardio-metabolic risk factors: A systematic review and meta-analysis of randomized-controlled trials,10.1016/j.ctim.2022.102883,include,include,include,
236,WoS,Resende,2013,Grape skin extract protects against programmed changes in the adult rat offspring caused by maternal high-fat diet during lactation,10.1016/j.jnutbio.2013.08.003,exclude,exclude,exclude,Animal or in vitro study
237,WoS,Mattioli,2020,Anthocyanins: A Comprehensive Review of Their Chemical Properties and Health Effects on Cardiovascular and Neurodegenerative Diseases,10.3390/molecules25173809,exclude,exclude,exclude,Review or non-original article
238,WoS,Jennings,2024,"Flavonoid-Rich Foods, Dementia Risk, and Interactions With Genetic Risk, Hypertension, and Depression",10.1001/jamanetworkopen.2024.34136,exclude,exclude,exclude,Other reason not meeting eligibility criteria
239,WoS,Ramalingam,2016,Dietary UKMR-1 Roselle Supplementation Prevents Nicotine-Induced Cardiac Injury by Inhibiting Myocardial Oxidative Stress,,exclude,exclude,exclude,Animal or in vitro study
240,WoS,Ditano-Vázquez,2019,The Fluid Aspect of the Mediterranean Diet in the Prevention and Management of Cardiovascular Disease and Diabetes: The Role of Polyphenol Content in Moderate Consumption of Wine and Olive Oil,10.3390/nu11112833,exclude,exclude,exclude,Review or non-original article
241,WoS,Popiolek-Kalisz,2023,Apple Peel Supplementation Potential in Metabolic Syndrome Prevention,10.3390/life13030753,exclude,exclude,exclude,Review or non-original article
242,WoS,Morgan,2019,Montmorency cherry supplementation improves 15-km cycling time-trial performance,10.1007/s00421-018-04058-6,exclude,exclude,exclude,Other reason not meeting eligibility criteria
243,WoS,Mandal,2025,Exploring the effects of vasoactive constituents in large cardamom: implications for the anti-hypertensive effect via eNOS coupling pathway - an in-vitro study in rat endothelial cells,10.1080/14786419.2024.2351534,exclude,exclude,exclude,Animal or in vitro study
244,WoS,Ghattamaneni,2020,Pelargonidin 3-glucoside-enriched strawberry attenuates symptoms of DSS-induced inflammatory bowel disease and diet-induced metabolic syndrome in rats,10.1007/s00394-019-02130-1,exclude,exclude,exclude,Animal or in vitro study
245,WoS,Xu,2004,Cyanidin-3-glucoside regulates phosphorylation of endothelial nitric oxide synthase,10.1016/j.febslet.2004.08.027,exclude,exclude,exclude,Animal or in vitro study
246,WoS,Dias,2025,From the Amazon to modern pharmacology: medicinal plants as metabolic and cardiovascular modulators in cardiodiabesity,10.1007/s10787-025-01879-8,exclude,exclude,exclude,Review or non-original article
247,WoS,Xin,2024,Anthocyanins as natural bioactives with anti-hypertensive and atherosclerotic potential: Health benefits and recent advances,10.1016/j.phymed.2024.155889,exclude,exclude,exclude,Review or non-original article
248,WoS,Laudani,2023,Anthocyanin Effects on Vascular and Endothelial Health: Evidence from Clinical Trials and Role of Gut Microbiota Metabolites,10.3390/antiox12091773,exclude,exclude,exclude,Review or non-original article
249,WoS,García-Alonso,2004,"Antioxidant and cellular activities of anthocyanins and their corresponding vitisins A - Studies in platelets, monocytes, and human endothelial cells",10.1021/jf035360v,exclude,exclude,exclude,Animal or in vitro study
250,WoS,John,2021,Rind from Purple Mangosteen (Garcinia mangostana) Attenuates Diet-Induced Physiological and Metabolic Changes in Obese Rats,10.3390/nu13020319,exclude,exclude,exclude,Animal or in vitro study
251,WoS,Delgado,2020,Protective Effects of Pomegranate in Endothelial Dysfunction,10.2174/1381612826666200406152147,exclude,exclude,exclude,Review or non-original article
252,WoS,Whyte,2018,"A Randomized, Double-Blinded, Placebo-Controlled Study to Compare the Safety and Efficacy of Low Dose Enhanced Wild Blueberry Powder and Wild Blueberry Extract (ThinkBlue™) in Maintenance of Episodic and Working Memory in Older Adults",10.3390/nu10060660,exclude,exclude,exclude,Other reason not meeting eligibility criteria
253,WoS,Xie,2017,Aronia berry polyphenol consumption reduces plasma total and low-density lipoprotein cholesterol in former smokers without lowering biomarkers of inflammation and oxidative stress: a randomized controlled trial,10.1016/j.nutres.2016.12.007,include,include,include,
254,WoS,Cook,2023,Effect of Intake Duration of Anthocyanin-Rich New Zealand Blackcurrant Extract on Cardiovascular Responses and Femoral Artery Diameter during Sustained Submaximal Isometric Contraction,10.1080/19390211.2021.1948943,include,include,include,
255,WoS,Cheplick,2007,Clonal variation in raspberry fruit phenolics and relevance for diabetes and hypertension management,10.1111/j.1745-4514.2007.00136.x,exclude,exclude,exclude,Animal or in vitro study
256,WoS,Chrubasik,2008,An observational study and quantification of the actives in a supplement with Sambucus nigra and Asparagus officinalis used for weight reduction,10.1002/ptr.2415,exclude,exclude,exclude,Observational design
257,WoS,Kent,2017,Consumption of anthocyanin-rich cherry juice for 12 weeks improves memory and cognition in older adults with mild-to-moderate dementia,10.1007/s00394-015-1083-y,exclude,exclude,exclude,Other reason not meeting eligibility criteria
258,WoS,Zhong,2017,Characterization of Wild Blueberry Polyphenols Bioavailability and Kinetic Profile in Plasma over 24-h Period in Human Subjects,10.1002/mnfr.201700405,exclude,exclude,exclude,Review or non-original article
259,WoS,Laurindo,2024,Pomegranate ( Punica granatum L.) phytochemicals target the components of metabolic syndrome,10.1016/j.jnutbio.2024.109670,exclude,exclude,exclude,Review or non-original article
260,WoS,Carvalho,2024,Phenolic Compounds from Cherries and Berries for Chronic Disease Management and Cardiovascular Risk Reduction,10.3390/nu16111597,exclude,exclude,exclude,Review or non-original article
261,WoS,Nurfaradilla,2020,Pharmacokinetic Herb-Drug Interaction betweenHibiscus sabdariffaCalyces Aqueous Extract and Captopril in Rats,10.1155/2020/5013898,exclude,exclude,exclude,Animal or in vitro study
262,WoS,Zhao,2024,Anthocyanins in Vascular Health and Disease: Mechanisms of Action and Therapeutic Potential,10.1097/fjc.0000000000001602,exclude,exclude,exclude,Review or non-original article
263,WoS,Kumar,2024,A comprehensive review on nutraceutical properties and pharmacological benefits for human healthcare in Jamun (Syzygium cumini (L.) Skeels),10.54085/ap.2024.13.2.16,exclude,exclude,exclude,Review or non-original article
264,WoS,Zujko,2021,Individual Diet Modification Reduces the Metabolic Syndrome in Patients Before Pharmacological Treatment,10.3390/nu13062102,exclude,include,include,Other reason not meeting eligibility criteria
265,WoS,Tabart,2018,The potency of commercial blackcurrant juices to induce relaxation in porcine coronary artery rings is not correlated to their antioxidant capacity but to their anthocyanin content,10.1016/j.nut.2018.01.009,exclude,exclude,exclude,Animal or in vitro study
266,WoS,Lu,2023,Inhibitory effects of the anthocyanins from Lycium ruthenicum Murray on angiotensin-I-converting enzyme: in vitro and molecular docking studies,10.1002/jsfa.12803,exclude,exclude,exclude,Animal or in vitro study
267,WoS,Porras-Mija,2020,"Physico-chemical characterization, metabolomic profile and in vitro antioxidant, antihypertensive, antiobesity and antidiabetic properties of Andean elderberry (Sambucus nigra subsp. peruviana)",10.3233/jbr-190439,exclude,exclude,exclude,Animal or in vitro study
268,WoS,Alcantar-Rodríguez,2025,Acceptability and tolerability of a Hibiscus sabdariffa L. beverage and effect on biomarkers of pregnant women: Phase I pilot trial,10.31989/ffhd.v15i11.1768,include,include,include,
269,WoS,Vendrame,2016,Wild blueberry consumption attenuates local inflammation in the perivascular adipose tissue of obese Zucker rats,10.1139/apnm-2016-0160,exclude,exclude,exclude,Animal or in vitro study
270,WoS,Chong,2010,Fruit polyphenols and CVD risk: a review of human intervention studies,10.1017/s0007114510003922,exclude,exclude,exclude,Review or non-original article
271,WoS,Chan,2021,"Impact of short-term bilberry supplementation on glycemic control, cardiovascular disease risk factors, and antioxidant status in Chinese patients with type 2 diabetes",10.1002/ptr.7038,include,include,include,
272,WoS,Cook,2017,Cardiovascular function during supine rest in endurance-trained males with New Zealand blackcurrant: a dose-response study,10.1007/s00421-016-3512-x,include,include,include,
273,WoS,Lin,2013,Suppression of TLR-4-Related Inflammatory Pathway and Anti-Fibrosis Effects of Probiotic-Fermented Purple Sweet Potato Yogurt in Hearts of Spontaneously Hypertensive Rats,10.4077/cjp.2013.bab118,exclude,exclude,exclude,Animal or in vitro study
274,WoS,Xu,2004,"Upregulation of endothelial nitric oxide synthase by cyanidin-3-glucoside, a typical anthocyanin pigment",10.1161/01.hyp.0000135868.38343.c6,exclude,exclude,exclude,Animal or in vitro study
275,WoS,Basu,2012,"Strawberries, Blueberries, and Cranberries in the Metabolic Syndrome: Clinical Perspectives",10.1021/jf203488k,exclude,exclude,exclude,Review or non-original article
276,WoS,Lee,2019,Mulberry Extract Attenuates Endothelial Dysfunction through the Regulation of Uncoupling Endothelial Nitric Oxide Synthase in High Fat Diet Rats,10.3390/nu11050978,exclude,exclude,exclude,Animal or in vitro study
277,WoS,Hidalgo,2012,"Potential anti-inflammatory, anti-adhesive, anti/estrogenic, and angiotensin-converting enzyme inhibitory activities of anthocyanins and their gut metabolites",10.1007/s12263-011-0263-5,exclude,exclude,exclude,Animal or in vitro study
278,WoS,Paixao,2012,Malvidin-3-glucoside protects endothelial cells up-regulating endothelial NO synthase and inhibiting peroxynitrite-induced NF-kB activation,10.1016/j.cbi.2012.08.013,exclude,exclude,exclude,Animal or in vitro study
279,WoS,Auger,2010,The red wine extract-induced activation of endothelial nitric oxide synthase is mediated by a great variety of polyphenolic compounds,10.1002/mnfr.200900602,exclude,exclude,exclude,Animal or in vitro study
280,WoS,Guo,2023,Protective effects and molecular mechanisms of tea polyphenols on cardiovascular diseases,10.3389/fnut.2023.1202378,exclude,exclude,exclude,Review or non-original article
281,WoS,Li,2025,Malvidin-3-O-glucoside ameliorates the development of vascular endothelial dysfunction in type 2 diabetes mellitus by inhibiting arginase 1 expression,10.1016/j.fbio.2025.106592,exclude,exclude,exclude,Animal or in vitro study
282,WoS,Gao,2024,Polyphenol components in black chokeberry (Aronia melanocarpa) as clinically proven diseases control factors-an overview,10.26599/fshw.2022.9250096,exclude,exclude,exclude,Review or non-original article
283,WoS,Salem,2020,Optimization of an Extraction Solvent for Angiotensin-Converting Enzyme Inhibitors from Hibiscus sabdariffa L. Based on Its UPLC-MS/MS Metabolic Profiling,10.3390/molecules25102307,exclude,exclude,exclude,Animal or in vitro study
284,WoS,Bighamanganeh,2025,Pharmacological and Therapeutic Properties of the Caucasian Whortleberry (Vaccinium arctostaphylos L.): An Overview of the New Findings,10.1002/fsn3.70702,exclude,exclude,exclude,Review or non-original article
285,WoS,Huang,2020,Antioxidant Blueberry Anthocyanins Induce Vasodilation via PI3K/Akt Signaling Pathway in High-Glucose-Induced Human Umbilical Vein Endothelial Cells,10.3390/ijms21051575,exclude,exclude,exclude,Animal or in vitro study
286,WoS,Chintha,2023,"Phenolic bioactive-linked antioxidant, anti-hyperglycemic, and antihypertensive properties of sweet potato cultivars with different flesh color",10.1007/s13580-023-00515-0,exclude,exclude,exclude,Animal or in vitro study
287,WoS,Long,2013,Purple corn color inhibition of prostate carcinogenesis by targeting cell growth pathways,10.1111/cas.12078,exclude,exclude,exclude,Animal or in vitro study
288,WoS,dos Santos,2019,Current evidence on cognitive improvement and neuroprotection promoted by anthocyanins,10.1016/j.cofs.2019.03.008,exclude,exclude,exclude,Review or non-original article
289,WoS,Cassidy,2013,High Anthocyanin Intake Is Associated With a Reduced Risk of Myocardial Infarction in Young and Middle-Aged Women,10.1161/circulationaha.112.122408,exclude,include,include,Observational design
290,WoS,Yousefizadeh,2025,A Systematic Study on the Impact of Blueberry Supplementation on Metabolic Syndrome Components,10.2174/0115734013292981240527050642,exclude,exclude,exclude,Other reason not meeting eligibility criteria
291,WoS,Nwachukwu,2015,Effects of aqueous extract of Hibiscus sabdariffa on the renin-angiotensin-aldosterone system of Nigerians with mild to moderate essential hypertension: A comparative study with lisinopril,10.4103/0253-7613.165194,include,include,include,
292,WoS,Furuuchi,2018,Boysenberry polyphenol inhibits endothelial dysfunction and improves vascular health,10.1371/journal.pone.0202051,exclude,exclude,exclude,Animal or in vitro study
293,WoS,Di Bonaventura,2020,Brain Alterations in High Fat Diet Induced Obesity: Effects of Tart Cherry Seeds and Juice,10.3390/nu12030623,exclude,exclude,exclude,Animal or in vitro study
294,WoS,Jurikova,2017,Fruits of Black Chokeberry Aronia melanocarpa in the Prevention of Chronic Diseases,10.3390/molecules22060944,exclude,exclude,exclude,Review or non-original article
295,WoS,Mohan,2025,Dietary flavonoids in health and diseases: A concise review of their role in homeostasis and therapeutics,10.1016/j.foodchem.2025.144674,exclude,exclude,exclude,Review or non-original article
296,WoS,Lee,2011,"Hypotensive, Hypolipidemic, and Vascular Protective Effects of Morus alba L. in Rats Fed an Atherogenic Diet",10.1142/s0192415x11008634,exclude,exclude,exclude,Animal or in vitro study
297,WoS,Min,2018,Endothelium Independent Effect of Pelargonidin on Vasoconstriction in Rat Aorta,10.4062/biomolther.2017.197,exclude,exclude,exclude,Animal or in vitro study
298,WoS,Zielinska,2025,"Angiotensin-Converting Enzyme Inhibitory Activity of Selected Phenolic Acids, Flavonoids, Their O-Glucosides, and Low-Molecular-Weight Phenolic Metabolites in Relation to Their Oxidation Potentials",10.3390/metabo15070443,exclude,exclude,exclude,Animal or in vitro study
299,WoS,Namkung,2010,Inhibition of Ca2+-activated Cl- channels by gallotannins as a possible molecular basis for health benefits of red wine and green tea,10.1096/fj.10-160648,exclude,exclude,exclude,Animal or in vitro study
300,WoS,Salem,2022,"Hibiscus sabdariffa L.: phytoconstituents, nutritive, and pharmacological applications",10.1007/s13596-020-00542-7,exclude,exclude,exclude,Review or non-original article
301,WoS,González-Muñoz,2013,Potential of Chilean Native Corn (Zea mays L.) Accessions as Natural Sources of Phenolic Antioxidants and in Vitro Bioactivity for Hyperglycemia and Hypertension Management,10.1021/jf403237p,exclude,exclude,exclude,Animal or in vitro study
302,WoS,Israili,2009,ETHNOPHARMACOLOGY OF THE PLANTS OF GENUS AJUGA,,exclude,exclude,exclude,Review or non-original article
303,WoS,El-Naeem,2022,Phytochemicals and in silico investigations of Sudanese roselle,10.17159/sajs.2022/10383,exclude,exclude,exclude,Animal or in vitro study
304,WoS,Ekundayo,2025,Delphinidin: A Multifaceted Anthocyanidin With Therapeutic Potential in Chronic Diseases,10.1002/jbt.70655,exclude,exclude,exclude,Review or non-original article
305,WoS,Lee,2015,"Antioxidation, angiotensin converting enzyme inhibition activity, nattokinase, and antihypertension of Bacillus subtilis (natto)-fermented pigeon pea",10.1016/j.jfda.2015.06.008,exclude,exclude,exclude,Animal or in vitro study
306,WoS,Jin,2011,A randomised trial to investigate the effects of acute consumption of a blackcurrant juice drink on markers of vascular reactivity and bioavailability of anthocyanins in human subjects,10.1038/ejcn.2011.55,include,include,include,
307,WoS,Panchal,2013,Cardioprotective and hepatoprotective effects of ellagitannins from European oak bark (Quercus petraea L.) extract in rats,10.1007/s00394-011-0277-1,exclude,exclude,exclude,Animal or in vitro study
308,WoS,John,2019,"The edible native Australian fruit, Davidson's plum (Davidsonia pruriens), reduces symptoms in rats with diet-induced metabolic syndrome",10.1016/j.jff.2019.03.018,exclude,exclude,exclude,Animal or in vitro study
309,WoS,Gutiérrez-Cuevas,2024,Medicinal Plant Extracts against Cardiometabolic Risk Factors Associated with Obesity: Molecular Mechanisms and Therapeutic Targets,10.3390/ph17070967,exclude,exclude,exclude,Review or non-original article
310,WoS,Zhang,2026,Pelargonidin-3-O-Glucoside Restores Nitric Oxide Production via Interaction with circHMGCS1 to Ameliorate Endothelial Dysfunction,10.1021/acs.jafc.5c11847,exclude,exclude,exclude,Animal or in vitro study
311,WoS,Miller,2022,Gut Microbes Are Associated with the Vascular Beneficial Effects of Dietary Strawberry on Metabolic Syndrome-Induced Vascular Inflammation,10.1002/mnfr.202200112,exclude,exclude,exclude,Other reason not meeting eligibility criteria
312,WoS,Chatterjee,2025,Impact of Polyphenol-Rich Chocolate on Microbial Diversity and Human Health: A Comprehensive Review,10.2174/0115734013332631250130115501,exclude,exclude,exclude,Review or non-original article
313,WoS,Christiansen,2023,The Impact of an 8-Week Supplementation with Fermented and Non-Fermented Aronia Berry Pulp on Cardiovascular Risk Factors in Individuals with Type 2 Diabetes,10.3390/nu15245094,include,include,include,
314,WoS,Kamkar,2026,"Integrative Review of Vaccinium arctostaphylos L.: Phytochemical Composition, Biological Activities, Comparative Insights, and Future Development Prospects",10.34172/ps.026.42931,exclude,exclude,exclude,Review or non-original article
315,WoS,Kowalska,2025,Immunomodulatory Effect of Raspberry (Rubus idaeus L.) Fruit Extracts on Activated Macrophages and Dysfunctional Vascular Endothelial Cells,10.3390/nu17203257,exclude,exclude,exclude,Animal or in vitro study
316,WoS,Lamport,2016,"Concord grape juice, cognitive function, and driving performance: a 12-wk, placebo-controlled, randomized crossover trial in mothers of preteen children",10.3945/ajcn.115.114553,exclude,exclude,exclude,Other reason not meeting eligibility criteria
317,WoS,Stull,2024,The state of the science on the health benefits of blueberries: a perspective,10.3389/fnut.2024.1415737,exclude,exclude,exclude,Review or non-original article
318,WoS,Laveriano-Santos,2024,Dietary (poly)phenol intake is associated with cardiometabolic health parameters in adolescents,10.26599/fshw.2023.9250023,exclude,exclude,exclude,Population not eligible
319,WoS,Montanari,2026,New Zealand blackcurrant extract has no effect on physiological and cardiovascular responses during low-intensity sustained intermittent isometric contractions in men,10.1007/s00421-025-05971-3,include,include,include,
320,WoS,Kirakosyan,2018,The inhibitory potential of Montmorency tart cherry on key enzymes relevant to type 2 diabetes and cardiovascular disease,10.1016/j.foodchem.2018.01.084,exclude,exclude,exclude,Animal or in vitro study
321,WoS,Sutra,2008,Preventive Effects of Nutritional Doses of Polyphenolic Molecules on Cardiac Fibrosis Associated with Metabolic Syndrome: Involvement of Osteopontin and Oxidative Stress,10.1021/jf802357g,exclude,exclude,exclude,Animal or in vitro study
322,WoS,Tufail,2021,Red color foods for heart health: A comprehensive Review,,exclude,exclude,exclude,Review or non-original article
323,WoS,Mohammadi,2024,"Effectiveness of anthocyanin-containing foods and nutraceuticals in mitigating oxidative stress, inflammation, and cardiovascular health-related biomarkers: a systematic review of animal and human interventions",10.1039/d3fo04579j,exclude,exclude,exclude,Animal or in vitro study
324,WoS,Kumar,2022,"A Critical Review on Obesity: Herbal Approach, Bioactive Compounds, and Their Mechanism",10.3390/app12168342,exclude,exclude,exclude,Review or non-original article
325,WoS,Wallace,2016,Systematic Review of Anthocyanins and Markers of Cardiovascular Disease,10.3390/nu8010032,include,include,include,
326,WoS,Koning,2015,"The effects of bilberries, blackcurrants and their constituent anthocyanins on heart health in humans",,exclude,exclude,exclude,Review or non-original article
327,WoS,Bastin,2020,Malvidin prevents lipopolysaccharide-induced oxidative stress and inflammation in human peripheral blood mononuclear cells,10.1002/iub.2286,exclude,exclude,exclude,Animal or in vitro study
328,WoS,Chai,2019,Effects of Tart Cherry Juice on Biomarkers of Inflammation and Oxidative Stress in Older Adults,10.3390/nu11020228,include,include,include,
329,WoS,Wang,2022,Natural polyphenols: a potential prevention and treatment strategy for metabolic syndrome,10.1039/d2fo01552h,exclude,exclude,exclude,Review or non-original article
330,WoS,Alarcón-Alonso,2012,Pharmacological characterization of the diuretic effect of Hibiscus sabdariffa Linn (Malvaceae) extract,10.1016/j.jep.2011.12.005,exclude,exclude,exclude,Animal or in vitro study
331,WoS,Deveci,2025,Review on critical factor in monocyte adhesion: Nutrients,10.1016/j.cyto.2024.156845,exclude,exclude,exclude,Review or non-original article
332,WoS,Kardum,2014,Effects of Polyphenol-Rich Chokeberry Juice on Antioxidant/Pro-Oxidant Status in Healthy Subjects,10.1089/jmf.2013.0135,include,include,include,
333,WoS,do Rosario,2024,Assessing the effect of anthocyanins through diet and supplementation on cognitive function in older adults at risk for dementia: protocol for a randomised controlled trial,10.1136/bmjopen-2024-086435,exclude,exclude,exclude,"Protocol, abstract or other non-report"
334,WoS,do Rosario,2026,The effect of anthocyanins through diet and supplementation on cognitive function in older adults: a multi-centre randomised controlled clinical trial,10.1039/d5fo05366h,exclude,exclude,exclude,"Protocol, abstract or other non-report"
335,WoS,Gopalan,2012,The health benefits of blackcurrants,10.1039/c2fo30058c,exclude,exclude,exclude,Review or non-original article
336,WoS,Xu,2026,Machine Learning Unveils Dietary Antioxidants as Influential Factors for Diabetes-Cancer Comorbidity: Insights From National Health and Nutrition Examination Survey,10.1002/fsn3.71828,exclude,exclude,exclude,Other reason not meeting eligibility criteria
337,WoS,Pan,2025,Effect of dietary anthocyanins on the risk factors related to metabolic syndrome: A systematic review and meta-analysis,10.1371/journal.pone.0315504,include,include,include,
338,WoS,Park,2021,Black raspberry (Rubus occidentalis) attenuates inflammatory markers and vascular endothelial dysfunction in Wistar rats fed a high-fat diet with fructose solution,10.1111/jfbc.13917,exclude,exclude,exclude,Animal or in vitro study
339,WoS,Sun,2024,Comparative metabolic analysis and antioxidant properties of purple and white wheat grains: implications for developing functional wheat varieties,10.1093/fqsafe/fyad060,exclude,exclude,exclude,Animal or in vitro study
340,WoS,Vendrame,2016,Berry Fruit Consumption and Metabolic Syndrome,10.3390/antiox5040034,exclude,exclude,exclude,Review or non-original article
341,WoS,May,2025,Queen garnet plum juice supplementation does not provide additional cognitive benefits over a group-based memory program in older adults with mild cognitive impairment: A randomized clinical trial,10.1016/j.nutres.2025.04.006,include,include,include,
342,WoS,Bhaswant,2015,Cyanidin 3-glucoside improves diet-induced metabolic syndrome in rats,10.1016/j.phrs.2015.10.006,exclude,exclude,exclude,Animal or in vitro study
343,WoS,Martinelli,2020,Effects ofPrunus cerasusL. Seeds and Juice on Liver Steatosis in an Animal Model of Diet-Induced Obesity,10.3390/nu12051308,exclude,exclude,exclude,Animal or in vitro study
344,WoS,Ziberna,2012,Transport and bioactivity of cyanidin 3-glucoside into the vascular endothelium,10.1016/j.freeradbiomed.2012.02.027,exclude,exclude,exclude,Animal or in vitro study
345,WoS,Palozi,2020,From general toxicology to DNA disruption: A safety assessment of Plinia cauliflora (Mart.) Kausel,10.1016/j.jep.2020.112916,exclude,exclude,exclude,Animal or in vitro study
346,WoS,Lee,2015,Direct utilization of purple sweet potato by sake yeasts to produce an anthocyanin-rich alcoholic beverage,10.1007/s10529-015-1811-7,exclude,exclude,exclude,Review or non-original article
347,WoS,Ali,2005,"Phytochemical, pharmacological and toxicological aspects of Hibiscus sabdariffa L.: A review",10.1002/ptr.1628,exclude,exclude,exclude,Review or non-original article
348,WoS,Chen,2020,Isolation and Identification of Anthocyanin Component in the Fruits of Acanthopanax Sessiliflorus (Rupr. & Maxim.) Seem. by Means of High Speed Counter Current Chromatography and Evaluation of Its Antioxidant Activity,10.3390/molecules25081781,exclude,exclude,exclude,Animal or in vitro study
349,WoS,Gurrola-Díaz,2010,Effects of Hibiscus sabdariffa extract powder and preventive treatment (diet) on the lipid profiles of patients with metabolic syndrome (MeSy),10.1016/j.phymed.2009.10.014,include,include,include,
350,WoS,Koziara,2026,Tart cherries (Prunus cerasus) and metabolic health in overweight and obesity: evidence from preclinical and clinical studies,10.3389/fnut.2026.1828579,exclude,exclude,exclude,Review or non-original article
351,WoS,Shafique,2026,Computational Exploration of Berrie's Anthocyanin as a Novel Angiotensin-Converting Enzyme Inhibitor,10.1142/s2737416525501108,exclude,exclude,exclude,Other reason not meeting eligibility criteria
352,WoS,Ashique,2024,Blueberries in focus: Exploring the phytochemical potentials and therapeutic applications,10.1016/j.jafr.2024.101300,exclude,exclude,exclude,Review or non-original article
353,WoS,Horie,2019,Phytoestrogenic Effects of Blackcurrant Anthocyanins Increased Endothelial Nitric Oxide Synthase (eNOS) Expression in Human Endothelial Cells and Ovariectomized Rats,10.3390/molecules24071259,exclude,exclude,exclude,Animal or in vitro study
354,WoS,Meleleo,2023,"Interaction of Quercetin, Cyanidin, and Their O-Glucosides with Planar Lipid Models: Implications for Their Biological Effects",10.3390/membranes13060600,exclude,exclude,exclude,Animal or in vitro study
355,WoS,Mostafa,2023,Biomarkers of Berry Intake: Systematic Review Update,10.1021/acs.jafc.3c01142,exclude,exclude,exclude,Review or non-original article
356,WoS,Watson,2015,Nutraceutical and antioxidant effects of a delphinidin-rich maqui berry extract Delphinol® : a review,,exclude,exclude,exclude,Review or non-original article
357,WoS,Romao,2019,Cardioprotective effects of Plinia cauliflora (Mart.) Kausel in a rabbit model of doxorubicin-induced heart failure,10.1016/j.jep.2019.112042,exclude,exclude,exclude,Animal or in vitro study
358,WoS,Aloud,2018,Cyanidin 3-O-glucoside prevents the development of maladaptive cardiac hypertrophy and diastolic heart dysfunction in 20-week-old spontaneously hypertensive rats,10.1039/c8fo00730f,exclude,exclude,exclude,Animal or in vitro study
359,WoS,Lazalde-Cruz,2021,Potential Effects of Delphinidin-3-O-Sambubioside and Cyanidin-3-O-Sambubioside of Hibiscus sabdariffa L. on Ruminant Meat and Milk Quality,10.3390/ani11102827,exclude,exclude,exclude,Animal or in vitro study
360,WoS,Araya-Quintanilla,2023,Effectiveness of anthocyanins rich foods on cardiometabolic factors in individuals with metabolic syndrome: a systematic review and meta-analysis,10.1007/s00394-023-03142-8,include,include,include,
361,WoS,He,2025,Anthocyanin-rich dark-colored berries: A bibliometric analysis and review of natural ally in combating glucolipid metabolic disorders,10.1016/j.nut.2024.112669,exclude,exclude,exclude,Other reason not meeting eligibility criteria
362,WoS,Bhaswant,2017,Anthocyanins in chokeberry and purple maize attenuate diet-induced metabolic syndrome in rats,10.1016/j.nut.2016.12.009,exclude,exclude,exclude,Animal or in vitro study
363,WoS,Naseri,2018,Anthocyanins in the Management of Metabolic Syndrome: A Pharmacological and Biopharmaceutical Review,10.3389/fphar.2018.01310,exclude,exclude,exclude,Review or non-original article
364,WoS,Castillo-García,2023,In Silico and In Vivo Evaluation of the Maqui Berry (Aristotelia chilensis (Mol.) Stuntz) on Biochemical Parameters and Oxidative Stress Markers in a Metabolic Syndrome Model,10.3390/metabo13121189,exclude,exclude,exclude,Animal or in vitro study
365,WoS,Ben Jeddou,2021,Profiling beneficial phytochemicals in a potato somatic hybrid for tuber peels processing: phenolic acids and anthocyanins composition,10.1002/fsn3.2100,exclude,exclude,exclude,Animal or in vitro study
366,WoS,Murphy,2019,Estimation of daily intake of flavonoids and major food sources in middle-aged Australian men and women,10.1016/j.nutres.2018.10.006,exclude,exclude,exclude,Other reason not meeting eligibility criteria
367,WoS,Segura-Carretero,2008,"Selective extraction, separation, and identification of anthocyanins from Hibiscus sabdariffa L. using solid phase extraction capillary electrophoresis mass spectrometry (time-of-flight ion trap)",10.1002/elps.200700819,exclude,exclude,exclude,Animal or in vitro study
368,WoS,Aksornchu,2021,Inhibitory Effect of Antidesma bunius Fruit Extract on Carbohydrate Digestive Enzymes Activity and Protein Glycation In Vitro,10.3390/antiox10010032,exclude,exclude,exclude,Animal or in vitro study
369,WoS,Xu,2025,"Multi-omics, network pharmacology, and molecular docking provide insights into the genetic basis, bioactive, and potential antioxidant mechanisms in potato (Solanum tuberosum L.) flesh",10.1016/j.scienta.2025.114148,exclude,exclude,exclude,Animal or in vitro study
370,WoS,Bharat,2018,Blueberry Metabolites Attenuate Lipotoxicity-Induced Endothelial Dysfunction,10.1002/mnfr.201700601,exclude,exclude,exclude,Animal or in vitro study
371,WoS,Tang,2025,Cyanidin-3-glucoside: targeting atherosclerosis through gut microbiota and anti-inflammation,10.3389/fnut.2025.1627868,exclude,exclude,exclude,Review or non-original article
372,WoS,Sen,2025,Gut microbiota and well-being: A comprehensive summary of the special issue,10.1016/j.phrs.2025.107791,exclude,exclude,exclude,Review or non-original article
373,WoS,Maestro,2010,Expression of bilitranslocase in the vascular endothelium and its function as a flavonoid transporter,10.1093/cvr/cvp290,exclude,exclude,exclude,Animal or in vitro study
374,WoS,Fang,2014,Some Anthocyanins Could Be Efficiently Absorbed across the Gastrointestinal Mucosa: Extensive Presystemic Metabolism Reduces Apparent Bioavailability,10.1021/jf405356b,exclude,exclude,exclude,Review or non-original article
375,WoS,Festa,2023,Anthocyanins and Vascular Health: A Matter of Metabolites,10.3390/foods12091796,exclude,exclude,exclude,Review or non-original article
376,WoS,de Oliveira,2023,Blueberry Consumption and Changes in Obesity and Diabetes Mellitus Outcomes: A Systematic Review,10.3390/metabo13010019,exclude,exclude,exclude,Other reason not meeting eligibility criteria
377,WoS,Cao,2026,"A comprehensive review on purple corn kernels: phytochemical composition, bioactivity, bioaccessibility, health benefits, and industry applications",10.1016/j.tifs.2026.105843,exclude,exclude,exclude,Review or non-original article
378,WoS,Szekeres,2023,Therapeutic Aspects of Prunus cerasus Extract in a Rabbit Model of Atherosclerosis-Associated Diastolic Dysfunction,10.3390/ijms241713253,exclude,exclude,exclude,Animal or in vitro study
379,WoS,Milenkovic,2023,Mechanistic insights into dietary (poly)phenols and vascular dysfunction-related diseases using multi-omics and integrative approaches: Machine learning as a next challenge in nutrition research,10.1016/j.mam.2022.101101,exclude,exclude,exclude,Review or non-original article
380,WoS,Micek,2023,Are (poly)phenols contained in 100% fruit juices mediating their effects on cardiometabolic risk factors? A meta-regression analysis,10.3389/fnut.2023.1175022,exclude,exclude,exclude,Other reason not meeting eligibility criteria
381,WoS,Mursu,2008,Flavonoid intake and the risk of ischaemic stroke and CVD mortality in middle-aged Finnish men: the Kuopio Ischaemic Heart Disease Risk Factor Study,10.1017/s0007114508945694,exclude,exclude,exclude,Other reason not meeting eligibility criteria
382,WoS,Tornaghi,2023,Exploring the impact of mulberry fruits on metabolic syndrome: A systematic review of current evidence,10.1016/j.phanu.2023.100363,exclude,exclude,exclude,Other reason not meeting eligibility criteria
383,WoS,McCarty,2018,"Ferulic acid may target MyD88-mediated pro-inflammatory signaling - Implications for the health protection afforded by whole grains, anthocyanins, and coffee",10.1016/j.mehy.2018.06.032,exclude,exclude,exclude,Review or non-original article
384,WoS,Bloch,2025,Cardiovascular benefits of standardized Aronia melanocarpa (Michx.) Elliot extract: Insights from a short-term pilot randomized human trial and cell culture studies,10.1016/j.jff.2025.106769,include,include,include,
385,WoS,Huang,2016,Effects of Berries Consumption on Cardiovascular Risk Factors: A Meta-analysis with Trial Sequential Analysis of Randomized Controlled Trials,10.1038/srep23625,include,include,include,
386,WoS,Takashina,2019,Cyanidin Increases the Expression of Mg2+ Transport Carriers Mediated by the Activation of PPARα in Colonic Epithelial MCE301 Cells,10.3390/nu11030641,exclude,exclude,exclude,Animal or in vitro study
387,WoS,Yakut,2025,Cornus mas ameliorates AlCl3-induced Alzheimer's disease in rats with metabolic syndrome by regulating inflammation and oxidative stress,10.1080/1028415x.2025.2460384,exclude,exclude,exclude,Animal or in vitro study
388,WoS,Youdim,2000,Incorporation of the elderberry anthocyanins by endothelial cells increases protection against oxidative stress,10.1016/s0891-5849(00)00329-4,exclude,exclude,exclude,Animal or in vitro study
389,WoS,Tiscornia,2026,"Maqui as a Chilean Functional Food: Antioxidant Bioactivity, Nutritional Value, and Health Applications",10.3390/antiox15020204,exclude,exclude,exclude,Review or non-original article
390,WoS,Bognar,2013,"Antioxidant and Anti-Inflammatory Effects in RAW264.7 Macrophages of Malvidin, a Major Red Wine Polyphenol",10.1371/journal.pone.0065355,exclude,exclude,exclude,Animal or in vitro study
391,WoS,Aloud,2020,Effects of cyanidin 3-O-glucoside and hydrochlorothiazide on T-cell phenotypes and function in spontaneously hypertensive rats,10.1039/d0fo01778g,exclude,exclude,exclude,Animal or in vitro study
392,WoS,García-Cordero,2023,Regular Consumption of Cocoa and Red Berries as a Strategy to Improve Cardiovascular Biomarkers via Modulation of Microbiota Metabolism in Healthy Aging Adults,10.3390/nu15102299,exclude,exclude,exclude,Review or non-original article
393,WoS,Cook,2017,Blackcurrant Alters Physiological Responses and Femoral Artery Diameter during Sustained Isometric Contraction,10.3390/nu9060556,include,include,include,
394,WoS,van Dam,2013,Dietary flavonoids and the development of type 2 diabetes and cardiovascular diseases: review of recent findings,10.1097/mol.0b013e32835bcdff,exclude,exclude,exclude,Review or non-original article
395,WoS,Fragoso-Medina,2023,Single anthocyanins effectiveness modulating inflammation markers in obesity: dosage and matrix composition analysis,10.3389/fnut.2023.1255518,exclude,exclude,exclude,Review or non-original article
396,WoS,Saba,2023,"Phytochemical analysis of Unani herbal formulation ""Niswani tea""",10.5281/zenodo.7939670,exclude,exclude,exclude,Review or non-original article
397,WoS,Milbury,2010,Anthocyanins are Bioavailable in Humans following an Acute Dose of Cranberry Juice,10.3945/jn.109.117168,exclude,exclude,exclude,Review or non-original article
398,WoS,Pap,2021,"Berry polyphenols and human health: evidence of antioxidant, anti-inflammatory, microbiota modulation, and cell-protecting effects",10.1016/j.cofs.2021.06.003,exclude,exclude,exclude,Review or non-original article
399,WoS,Norberto,2013,Blueberry anthocyanins in health promotion: A metabolic overview,10.1016/j.jff.2013.08.015,exclude,exclude,exclude,Review or non-original article
400,WoS,Juraev,2025,In vitro micropropagation for standardizing medicinal plants: a systems-based case study of Hibiscus sabdariffa and Glycyrrhiza glabra,10.1007/s11627-025-10557-x,exclude,exclude,exclude,Review or non-original article
401,WoS,Qin,2018,Cyanidin-3-O-glucoside ameliorates diabetic nephropathy through regulation of glutathione pool,10.1016/j.biopha.2018.04.137,exclude,exclude,exclude,Animal or in vitro study
402,WoS,Saeed,2025,"Bioactive Compounds, Their Mechanisms of Action, and Cardioprotective Effects of Pomegranate (Punica granatum): A Comprehensive Review",10.1002/efd2.70075,exclude,exclude,exclude,Review or non-original article
403,WoS,Xie,2016,Bioavailability of anthocyanins and colonic polyphenol metabolites following consumption of aronia berry extract,10.1016/j.foodchem.2016.05.122,exclude,exclude,exclude,Review or non-original article
404,WoS,Lao,2017,Health Benefits of Purple Corn (Zea mays L.) Phenolic Compounds,10.1111/1541-4337.12249,exclude,exclude,exclude,Review or non-original article
405,WoS,Ochoa-Cruz,2023,Phytochemical Analysis and Biological Activities of Ripe Fruits of Mistletoe (Psittacanthus calyculatus),10.3390/plants12122292,exclude,exclude,exclude,Animal or in vitro study
406,WoS,Fratantonio,2017,Low nanomolar caffeic acid attenuates high glucose-induced endothelial dysfunction in primary human umbilical-vein endothelial cells by affecting NF-B and Nrf2 pathways,10.1002/biof.1312,exclude,exclude,exclude,Animal or in vitro study
407,WoS,Corrêa,2023,Blood orange juice intake changes specific bacteria of gut microbiota associated with cardiometabolic biomarkers,10.3389/fmicb.2023.1199383,include,include,include,
408,WoS,Martins,2020,Grape juice attenuates left ventricular hypertrophy in dyslipidemic mice,10.1371/journal.pone.0238163,exclude,exclude,exclude,Animal or in vitro study
409,WoS,Hansen,2005,"Effect of red wine and red grape extract on blood lipids, haemostatic factors, and other risk factors for cardiovascular disease",10.1038/sj.ejcn.1602107,exclude,include,include,Other reason not meeting eligibility criteria
410,WoS,Jomova,2025,"Flavonoids and their role in oxidative stress, inflammation, and human diseases",10.1016/j.cbi.2025.111489,exclude,exclude,exclude,Review or non-original article
411,WoS,Chalopin,2010,Estrogen Receptor Alpha as a Key Target of Red Wine Polyphenols Action on the Endothelium,10.1371/journal.pone.0008554,exclude,exclude,exclude,Animal or in vitro study
412,WoS,Kuru,2026,Aronia Melanocarpa as a Multifunctional Superberry: From Antioxidant Potential to Therapeutic and Nanotechnological Applications,10.1007/s13668-026-00736-6,exclude,exclude,exclude,Review or non-original article
413,WoS,de Pascual-Teresa,2014,Molecular mechanisms involved in the cardiovascular and neuroprotective effects of anthocyanins,10.1016/j.abb.2014.04.012,exclude,exclude,exclude,Review or non-original article
414,WoS,Mccalla,2024,Physiologic Effects of Hibiscus Sabdariffa (Sorrel) on Biological Systems: Advances in Sorrel Research,10.2174/0122103155273914231206094057,exclude,exclude,exclude,Review or non-original article
415,WoS,Lanzi,2016,Effects of salicylic acid-induced wine rich in anthocyanins on metabolic parameters and adipose insulin signaling in high-fructose fed rats,10.1080/09637486.2016.1207060,exclude,exclude,exclude,Animal or in vitro study
416,WoS,Yamamoto,2011,Inhibitors of Autoactivation of Plasma Hyaluronan-Binding Protein (Factor VII Activating Protease),10.1248/bpb.34.462,exclude,exclude,exclude,Animal or in vitro study
417,WoS,Lyu,2012,Antioxidant activity of cyanidins isolated from Ogapy (Acanthopanax divaricatus var. albeofructus) fruits in U937 macrophages,10.1007/s10068-012-0190-2,exclude,exclude,exclude,Animal or in vitro study
418,WoS,Zúñiga-Hernández,2024,"Targets and Effects of Common Biocompounds of Hibiscus sabdariffa (Delphinidin-3-Sambubiosid, Quercetin, and Hibiscus Acid) in Different Pathways of Human Cells According to a Bioinformatic Assay",10.3390/nu16040566,exclude,exclude,exclude,Other reason not meeting eligibility criteria
419,WoS,Deepa,2023,"A Review of the Role of an Anthocyanin, Cyanidin-3-O-β-glucoside in Obesity-Related Complications",10.3390/plants12223889,exclude,exclude,exclude,Review or non-original article
420,WoS,Cook,2019,Dietary Anthocyanins: A Review of the Exercise Performance Effects and Related Physiological Responses,10.1123/ijsnem.2018-0088,exclude,exclude,exclude,Review or non-original article
421,WoS,Desai,2018,The effects of Montmorency tart cherry juice supplementation and FATMAX exercise on fat oxidation rates and cardio-metabolic markers in healthy humans,10.1007/s00421-018-3978-9,include,include,include,
422,WoS,Festa,2023,Elderberry extract improves molecular markers of endothelial dysfunction linked to atherosclerosis,10.1002/fsn3.3393,exclude,exclude,exclude,Animal or in vitro study
423,WoS,Lee,2026,"Effects of Daily Saskatoon Berry Supplementation on Cardiometabolic Health, Gut Microbiota, and Short-Chain Fatty Acids in Healthy Adults",10.3390/ijms27083644,include,include,include,
424,WoS,Di Pietro,2022,A Novel Combination of High-Load Omega-3 Lysine Complex (AvailOm®) and Anthocyanins Exerts Beneficial Cardiovascular Effects,10.3390/antiox11050896,exclude,exclude,exclude,Animal or in vitro study
425,WoS,Andriambeloson,1998,Natural dietary polyphenolic compounds cause endothelium-dependent vasorelaxation in rat thoracic aorta,10.1093/jn/128.12.2324,exclude,exclude,exclude,Animal or in vitro study
426,WoS,Enoki,2025,Nutritional and functional profiles of aquaponic leaf lettuce across seasons,10.1093/bbb/zbaf051,exclude,exclude,exclude,Animal or in vitro study
427,WoS,Long,2021,Delphinidin-3-sambubioside from Hibiscus sabdariffa. L attenuates hyperlipidemia in high fat diet-induced obese rats and oleic acid-induced steatosis in HepG2 cells,10.1080/21655979.2021.1950259,exclude,exclude,exclude,Animal or in vitro study
428,WoS,Copetti,2022,Fruit-Derived Anthocyanins: Effects on Cycling-Induced Responses and Cycling Performance,10.3390/antiox11020387,exclude,exclude,exclude,Review or non-original article
429,WoS,Uhrin,2018,Vascular smooth muscle cell proliferation as a therapeutic target. Part 2: Natural products inhibiting proliferation,10.1016/j.biotechadv.2018.04.002,exclude,exclude,exclude,Review or non-original article
430,WoS,Simoncini,2011,Estrogen-like effects of wine extracts on nitric oxide synthesis in human endothelial cells,10.1016/j.maturitas.2011.07.004,exclude,exclude,exclude,Animal or in vitro study
431,WoS,Boslett,2017,Luteolinidin Protects the Postischemic Heart through CD38 Inhibition with Preservation of NAD(P)(H),10.1124/jpet.116.239459,exclude,exclude,exclude,Animal or in vitro study
432,WoS,Michicotl-Meneses,2021,Inflammation Markers in Adipose Tissue and Cardiovascular Risk Reduction by Pomegranate Juice in Obesity Induced by a Hypercaloric Diet in Wistar Rats,10.3390/nu13082577,exclude,exclude,exclude,Animal or in vitro study
433,WoS,Essawy,2022,Hybrid solvothermal/sonochemical-mediated synthesis of ZnO NPs generative of •OH radicals: Photoluminescent approach to evaluate •OH scavenging activity of Egyptian and Yemeni Punica granatum arils extract,10.1016/j.ultsonch.2022.106152,exclude,exclude,exclude,Animal or in vitro study
434,WoS,Wagner,1998,"Anatomical, phytochemical and immunochemical studies on Ligaria cuneifolia (R. et P.) Tiegh (Loranthaceae)",10.1076/phbi.36.2.131.4604,exclude,exclude,exclude,Animal or in vitro study
435,WoS,Kasprzak-Drozd,2021,The Efficacy of Black Chokeberry Fruits against Cardiovascular Diseases,10.3390/ijms22126541,exclude,exclude,exclude,Review or non-original article
436,WoS,Zhou,2021,"Antioxidant Food Components for the Prevention and Treatment of Cardiovascular Diseases: Effects, Mechanisms, and Clinical Studies",10.1155/2021/6627355,exclude,exclude,exclude,Review or non-original article
437,WoS,Yunusoglu,2025,"Pharmacological, medicinal and biological properties of flavonoids: A comprehensive review",10.12991/jrespharm.1661054,exclude,exclude,exclude,Review or non-original article
438,WoS,Popovic-Milenkovic,2014,ANTIOXIDANT AND ANXIOLYTIC ACTIVITIES OF CRATAEGUS NIGRA WALD. ET KIT. BERRIES,,exclude,exclude,exclude,Animal or in vitro study
439,WoS,du Preez,2020,Saskatoon Berry Amelanchier alnifolia Regulates Glucose Metabolism and Improves Cardiovascular and Liver Signs of Diet-Induced Metabolic Syndrome in Rats,10.3390/nu12040931,exclude,exclude,exclude,Animal or in vitro study
440,WoS,Oh,2017,Association of Dietary Flavonoid Intake with Prevalence of Type 2 Diabetes Mellitus and Cardiovascular Disease Risk Factors in Korean Women Aged ≥30 Years,,exclude,exclude,exclude,Observational design
441,WoS,Crespo,2017,A Brief Review of Blue- and Bilberries' Potential to Curb Cardio-Metabolic Perturbations: Focus on Diabetes,10.2174/1381612822666161010120523,exclude,exclude,exclude,Review or non-original article
442,WoS,Tan,2021,The Health Effects of Chocolate and Cocoa: A Systematic Review,10.3390/nu13092909,exclude,exclude,exclude,Other reason not meeting eligibility criteria
443,WoS,Szumny,2015,Application of Cornelian Cherry Iridoid-Polyphenolic Fraction and Loganic Acid to Reduce Intraocular Pressure,10.1155/2015/939402,exclude,exclude,exclude,Animal or in vitro study
444,WoS,Kapadia,2010,Prenatal closure of the ductus arteriosus and maternal ingestion of anthocyanins,10.1038/jp.2009.140,exclude,exclude,exclude,Review or non-original article
445,WoS,Merecz-Sadowska,2023,Food Anthocyanins: Malvidin and Its Glycosides as Promising Antioxidant and Anti-Inflammatory Agents with Potential Health Benefits,10.3390/nu15133016,exclude,exclude,exclude,Review or non-original article
446,WoS,Gonçalves,2021,Dietary Effects of Anthocyanins in Human Health: A Comprehensive Review,10.3390/ph14070690,exclude,exclude,exclude,Review or non-original article
447,WoS,Haswell,2021,Potential of Beetroot and Blackcurrant Compounds to Improve Metabolic Syndrome Risk Factors,10.3390/metabo11060338,exclude,exclude,exclude,Review or non-original article
448,WoS,Kuo,2012,Hibiscus sabdariffa L. extracts reduce serum uric acid levels in oxonate-induced rats,10.1016/j.jff.2012.01.007,exclude,exclude,exclude,Animal or in vitro study
449,WoS,Hosseini,2018,Saffron (Crocus sativus) petal as a new pharmacological target: a review,10.22038/ijbms.2018.31243.7529,exclude,exclude,exclude,Review or non-original article
450,WoS,Jia,2026,"Stage-specific harvest of Akebia trifoliata flowers: An integrated multi-omics strategy for optimizing natural colorants, antioxidants and bioactive ingredients",10.1016/j.indcrop.2026.122795,exclude,exclude,exclude,Animal or in vitro study
451,WoS,Sangild,2023,"Effects of Chokeberries (Aronia spp.) on Cytoprotective and Cardiometabolic Markers and Semen Quality in 109 Mildly Hypercholesterolemic Danish Men: A Prospective, Double-Blinded, Randomized, Crossover Trial",10.3390/jcm12010373,include,include,include,
452,WoS,Kelley,2018,A Review of the Health Benefits of Cherries,10.3390/nu10030368,exclude,exclude,exclude,Review or non-original article
453,WoS,Bell,2017,A study of glycaemic effects following acute anthocyanin-rich blueberry supplementation in healthy young adults,10.1039/c7fo00724h,include,include,include,
454,WoS,Kiriyama,2024,Effects of Phenolic Acids Produced from Food-Derived Flavonoids and Amino Acids by the Gut Microbiota on Health and Disease,10.3390/molecules29215102,exclude,exclude,exclude,Review or non-original article
455,WoS,Del Bo',2012,The temporal effect of a wild blueberry (Vaccinium angustifolium)-enriched diet on vasomotor tone in the Sprague-Dawley rat,10.1016/j.numecd.2010.05.004,exclude,exclude,exclude,Animal or in vitro study
456,WoS,Xiao,2026,Red raspberry improves postprandial metabolic indices and cognitive function in older adults who are overweight or have obesity,10.1017/s0007114525105497,include,include,include,
457,WoS,Cassidy,2018,Berry anthocyanin intake and cardiovascular health,10.1016/j.mam.2017.05.002,exclude,exclude,exclude,Review or non-original article
458,WoS,Geraldi,2024,Jaboticaba peel improves postprandial glucose and inflammation: A randomized controlled trial in adults with metabolic syndrome,10.1016/j.nutres.2024.02.008,include,include,include,
459,WoS,Goncagul,2010,Antimicrobial Effect of Garlic (Allium sativum) and Traditional Medicine,,exclude,exclude,exclude,Review or non-original article
460,WoS,Ngamsamer,2022,The Benefits of Anthocyanins against Obesity-Induced Inflammation,10.3390/biom12060852,exclude,exclude,exclude,Review or non-original article
461,WoS,Mousavi,2022,Does strawberry supplementation ameliorate markers of cardiovascular and metabolic health? A systematic review and meta-analysis,10.1108/nfs-10-2021-0295,include,include,include,
462,WoS,Wan,2024,The Effect of Antioxidant Polyphenol Supplementation on Cardiometabolic Risk Factors: A Systematic Review and Meta-Analysis,10.3390/nu16234206,exclude,exclude,exclude,Other reason not meeting eligibility criteria
463,WoS,Wang,2017,Blueberry Anthocyanin-Enriched Extracts Attenuate Fine Particulate Matter (PM2.5)-Induced Cardiovascular Dysfunction,10.1021/acs.jafc.6b04603,exclude,exclude,exclude,Animal or in vitro study
464,WoS,Fernández,1998,"Study of an Argentine Mistletoe, the hemiparasite Ligaria cuneifolia (R. et P.) Tiegh. (Loranthaceae)",10.1016/s0378-8741(98)00030-0,exclude,exclude,exclude,Animal or in vitro study
465,WoS,Moradnia,2024,The power of Punica granatum: A natural remedy for oxidative stress and inflammation; a narrative review,10.1016/j.jep.2024.118243,exclude,exclude,exclude,Review or non-original article
466,WoS,Qi,2023,"Anthocyanins and Proanthocyanidins: Chemical Structures, Food Sources, Bioactivities, and Product Development",10.1080/87559129.2022.2029479,exclude,exclude,exclude,Review or non-original article
467,WoS,Ghosh,2024,"Effects of Vaccinium-derived antioxidants on human health: the past, present and future",10.3389/fmolb.2024.1520661,exclude,exclude,exclude,Review or non-original article
468,WoS,Liu,2023,Relationship between Effect of Dietary Flavonoid Intake and Risk of Preeclampsia: A Research Study,,exclude,exclude,exclude,Other reason not meeting eligibility criteria
469,WoS,Bao,2025,Effect of antioxidants on primary open-angle glaucoma: a systematic review and meta-analysis,10.3389/fphar.2025.1625735,exclude,exclude,exclude,Review or non-original article
470,WoS,Tauil,2024,"Metabolic-Associated Fatty Liver Disease: The Influence of Oxidative Stress, Inflammation, Mitochondrial Dysfunctions, and the Role of Polyphenols",10.3390/ph17101354,exclude,exclude,exclude,Review or non-original article
471,WoS,Shi,2024,Comprehensive Utilization Technology of Aronia melanocarpa,10.3390/molecules29061388,exclude,exclude,exclude,Review or non-original article
472,WoS,Mckay,2007,Cranberries (Vaccinium macrocarpon) and cardiovascular disease risk factors,10.1301/nr.2007.nov.490-502,exclude,exclude,exclude,Review or non-original article
473,WoS,Ranjha,2023,"A comprehensive review on phytochemistry, bioactivity and medicinal value of bioactive compounds of pomegranate (Punica granatum)",10.1007/s13596-021-00566-7,exclude,exclude,exclude,Review or non-original article
474,WoS,Mykkänen,2012,Bilberries potentially alleviate stress-related retinal gene expression induced by a high-fat diet in mice,,exclude,exclude,exclude,Animal or in vitro study
475,WoS,Ndiaye,2023,Consumer responses and willingness-to-pay for hibiscus products: A preliminary study,10.3389/fsufs.2023.1039203,exclude,exclude,exclude,Review or non-original article
476,WoS,Hannum,2004,Potential impact of strawberries on human health: A review of the science,10.1080/10408690490263756,exclude,exclude,exclude,Review or non-original article
477,WoS,Kashi,2019,"The Efficacy of Administering Fruit-Derived Polyphenols to Improve Health Biomarkers, Exercise Performance and Related Physiological Responses",10.3390/nu11102389,exclude,exclude,exclude,Review or non-original article
478,WoS,Pantano,2025,The effect of Greek mountain tea extract and wheat germ extract on peripheral blood flow and eicosanoid metabolism in mammals,10.1515/med-2025-1192,exclude,exclude,exclude,Animal or in vitro study
479,WoS,Zhang,2024,"The Epidemiology of Berry Consumption and Association of Berry Consumption with Diet Quality and Cardiometabolic Risk Factors in United States Adults: The National Health and Nutrition Examination Survey, 2003-2018",10.1016/j.tjnut.2024.01.017,exclude,exclude,exclude,Observational design
480,WoS,Yamashita,2020,Insights into the potential benefits of black soybean (Glycine max L.) polyphenols in lifestyle diseases,10.1039/d0fo01092h,exclude,exclude,exclude,Review or non-original article
481,WoS,Dashti,2022,The antihyperglycemic and hypolipidemic effects of Ribes khorassanicum hydro-ethanolic extract co-administration in type 2 diabetic patients: A randomized double blind placebo controlled trial,10.22038/ajp.2021.51446.2676,include,include,include,
482,WoS,Chen,2026,Urate-lowering effect of delphinidin-3-glucoside in red kidney beans via binding to the FAD site of the XO enzyme,10.1016/j.jare.2025.04.022,exclude,exclude,exclude,Animal or in vitro study
483,WoS,Schell,2019,Raspberries Improve Postprandial Glucose and Acute and Chronic Inflammation in Adults with Type 2 Diabetes,10.1159/000497226,exclude,exclude,exclude,Other reason not meeting eligibility criteria
484,WoS,Prajapati,2026,Unveiling the Nutraceutical Potential of Yam Dioscorea alata L.: A Comprehensive Review,10.1007/s11130-026-01525-w,exclude,exclude,exclude,Review or non-original article
485,WoS,Curtis,2009,Cardiovascular Disease Risk Biomarkers and Liver and Kidney Function Are Not Altered in Postmenopausal Women after Ingesting an Elderberry Extract Rich in Anthocyanins for 12 Weeks,10.3945/jn.109.113126,include,include,include,
486,WoS,Patel,2015,"Cereal bran fortified-functional foods for obesity and diabetes management: Triumphs, hurdles and possibilities",10.1016/j.jff.2015.02.010,exclude,exclude,exclude,Review or non-original article
487,WoS,Dreher,2012,Pistachio nuts: composition and potential health benefits,10.1111/j.1753-4887.2011.00467.x,exclude,exclude,exclude,Review or non-original article
488,WoS,Diantini,2021,Effect of the roselle (Hibiscus sabdariffa L.) calyces drink on the physiological parameters of healthy adult subjects,10.3892/br.2021.1465,include,include,include,
489,WoS,Negrean,2023,Blackthorn-A Valuable Source of Phenolic Antioxidants with Potential Health Benefits,10.3390/molecules28083456,exclude,exclude,exclude,Review or non-original article
490,WoS,Litoiu,2025,An Overview of Buckwheat-A Superfood with Applicability in Human Health and Food Packaging,10.3390/plants14142200,exclude,exclude,exclude,Review or non-original article
491,WoS,Ohguro,2013,Effects of Black Currant Anthocyanins on Intraocular Pressure in Healthy Volunteers and Patients with Glaucoma,10.1089/jop.2012.0071,exclude,exclude,exclude,Other reason not meeting eligibility criteria
492,WoS,Cao,2019,Dietary polyphenols and type 2 diabetes: Human Study and Clinical Trial,10.1080/10408398.2018.1492900,exclude,exclude,exclude,Review or non-original article
493,WoS,Zhang,2025,Fluoride-induced vascular endothelial injury and the protective mechanism of blueberry anthocyanins,10.1016/j.fct.2025.115665,exclude,exclude,exclude,Animal or in vitro study
494,WoS,Sidor,2015,Advanced research on the antioxidant and health benefit of elderberry (Sambucus nigra) in food - a review,10.1016/j.jff.2014.07.012,exclude,exclude,exclude,Review or non-original article
495,WoS,Amini,2018,Effects of pelargonidin-3-O-glucoside and its metabolites on lipopolysaccharide-stimulated cytokine production by THP-1 monocytes and macrophages,10.1016/j.cyto.2017.12.031,exclude,exclude,exclude,Animal or in vitro study
496,WoS,Alam,2021,Potential health benefits of anthocyanins in oxidative stress related disorders,10.1007/s11101-021-09757-1,exclude,exclude,exclude,Review or non-original article
497,WoS,Martín-González,2021,A multifunctional ingredient for the management of metabolic syndrome in cafeteria diet-fed rats,10.1039/d0fo02810j,exclude,exclude,exclude,Animal or in vitro study
498,WoS,Izquierdo-Vega,2020,Organic Acids from Roselle (Hibiscus sabdariffa L.)-A Brief Review of Its Pharmacological Effects,10.3390/biomedicines8050100,exclude,exclude,exclude,Review or non-original article
499,WoS,do Rosario,2021,"Anthocyanins attenuate vascular and inflammatory responses to a high fat high energy meal challenge in overweight older adults: A cross-over, randomized, double-blind clinical trial",10.1016/j.clnu.2020.09.041,include,include,include,
500,WoS,Udani,2011,Effects of Acai (Euterpe oleracea Mart.) berry preparation on metabolic parameters in a healthy overweight population: A pilot study,10.1186/1475-2891-10-45,include,include,include,
501,WoS,Krysa,2022,FT-IR and FT-Raman fingerprints of flavonoids - A review,10.1016/j.foodchem.2022.133430,exclude,exclude,exclude,Review or non-original article
502,WoS,Sanlier,2025,Aronia Berry (Aronia melanocarpa L.) as a Bioactive Treasure: Insights into Its Health-Promoting Effects,10.1016/j.jff.2025.107116,exclude,exclude,exclude,Review or non-original article
503,WoS,George,2026,Black rice and its therapeutic potential: A Southeast Asian perspective on functional phytochemicals,10.1016/j.foohum.2026.101048,exclude,exclude,exclude,Review or non-original article
504,WoS,di Gesso,2015,Flavonoid metabolites reduce tumor necrosis factor- secretion to a greater extent than their precursor compounds in human THP-1 monocytes,10.1002/mnfr.201400799,exclude,exclude,exclude,Animal or in vitro study
505,WoS,Tresserra-Rimbau,2014,Polyphenol intake and mortality risk: a re-analysis of the PREDIMED trial,10.1186/1741-7015-12-77,exclude,exclude,exclude,Other reason not meeting eligibility criteria
506,WoS,Johnson,2012,Comparison of Chemical Composition and Antioxidant Capacity of Commercially Available Blueberry and Blackberry Wines in Illinois,10.1111/j.1750-3841.2011.02505.x,exclude,exclude,exclude,Review or non-original article
507,WoS,Shabir,2024,Bioactive potential of punicalagin: A comprehensive review,10.1016/j.afres.2024.100572,exclude,exclude,exclude,Review or non-original article
508,WoS,Delfin,2025,Studies on Phytochemistry and Antioxidant Capacity of Nine Hibiscus sabdariffa Accessions,10.21273/hortsci18483-25,exclude,exclude,exclude,Review or non-original article
509,WoS,Miraghajani,2020,Blueberry and cardiovascular disease risk factors: A systematic review and meta-analysis of randomized controlled trials,10.1016/j.ctim.2020.102389,include,include,include,
510,WoS,Rahimi,2019,"Betalains, the nature-inspired pigments, in health and diseases",10.1080/10408398.2018.1479830,exclude,exclude,exclude,Review or non-original article
511,WoS,Alba,2019,Tart Cherries and health: Current knowledge and need for a better understanding of the fate of phytochemicals in the human gastrointestinal tract,10.1080/10408398.2017.1384918,exclude,exclude,exclude,Review or non-original article
512,WoS,Ivanova,2014,Improved lipid profile and increased serum antioxidant capacity in healthy volunteers after Sambucus ebulus L. fruit infusion consumption,10.3109/09637486.2014.898256,include,include,include,
513,WoS,Camelo-Méndez,2013,Comparative Study of Anthocyanin and Volatile Compounds Content of Four Varieties of Mexican Roselle (Hibiscus sabdariffa L.) by Multivariable Analysis,10.1007/s11130-013-0360-2,exclude,exclude,exclude,Review or non-original article
514,WoS,Chen,2025,Lactic acid fermentation of Rosa davurica Pall. Jiaosu as a functional food,10.1016/j.fochx.2025.103103,exclude,exclude,exclude,Review or non-original article
515,WoS,Gross,2004,Flavonoids and cardiovascular disease,10.3109/13880200490893483,exclude,exclude,exclude,Review or non-original article
516,WoS,Astorga-Gaxiola,2025,Effect of Traditional Nixtamalization and Extrusion Processes on Bioaccessibility and Antioxidant Activity of Phenolic Compounds in Blue Maize Tortillas During In Vitro Fermentation by Human Colonic Microbiota,10.18633/biotecnia.v27.2520,exclude,exclude,exclude,Animal or in vitro study
517,WoS,Natarajan,2017,Ocular promoting activity of grape polyphenols-A review,10.1016/j.etap.2016.12.004,exclude,exclude,exclude,Review or non-original article
518,WoS,Jawad,2025,"Tart cherry (Prunus cerasus L.): Polyphenols, bioactivity, and bioavailability beyond exercise",10.1016/j.fbio.2025.107612,exclude,exclude,exclude,Review or non-original article
519,WoS,Björk,2016,Effects of selected bioactive food compounds on human white adipocyte function,10.1186/s12986-016-0064-3,exclude,exclude,exclude,Animal or in vitro study
520,WoS,Singh,2026,NtMYB308 Negatively Regulates Anthocyanin and Lignin Biosynthesis and Modulates Fungal Resistance in Nicotiana tabacum,10.1111/pce.70380,exclude,exclude,exclude,Other reason not meeting eligibility criteria
521,WoS,You,2018,Cyanidin-3-glucoside attenuates high-fat and high-fructose diet-induced obesity by promoting the thermogenic capacity of brown adipose tissue,10.1016/j.jff.2017.12.025,exclude,exclude,exclude,Animal or in vitro study
522,WoS,Buda,2024,Vasculo-Protective Effects of Standardized Black Chokeberry Extracts in Mice Aorta,10.3390/ijms252413520,exclude,exclude,exclude,Animal or in vitro study
523,WoS,Puell,2021,The acute effect of cocoa and red-berries on visual acuity and cone-mediated dark adaptation in healthy eyes,10.1016/j.jff.2021.104435,exclude,exclude,exclude,Other reason not meeting eligibility criteria
524,WoS,Tufail,2025,Role of Phytonutrients in the Prevention and Treatment of Chronic Diseases: A Concrete Review,10.1021/acsomega.4c02927,exclude,exclude,exclude,Review or non-original article
525,WoS,Cid-Ortega,2015,"Roselle calyces (Hibiscus sabdariffa), an alternative to the food and beverages industries: a review",10.1007/s13197-015-1800-9,exclude,exclude,exclude,Review or non-original article
526,WoS,Imran,2025,"A panoramic review on phytochemistry, pharmacological potential, health benefits, and versatility of Solanum tuberosum L.",10.15835/nbha53114080,exclude,exclude,exclude,Review or non-original article
527,WoS,Suttisansanee,2021,"Health-promoting bioactivity and in vivo genotoxicity evaluation of a hemiepiphyte fig, Ficus dubia",10.1002/fsn3.2205,exclude,exclude,exclude,Animal or in vitro study
528,WoS,Bento,2022,Peach (Prunus Persica): Phytochemicals and Health Benefits,10.1080/87559129.2020.1837861,exclude,exclude,exclude,Review or non-original article
529,WoS,Francini-Pesenti,2019,Potential role of phytochemicals in metabolic syndrome prevention and therapy,10.2147/dmso.s214550,exclude,exclude,exclude,Review or non-original article
530,WoS,Quiñones-Muñoz,2022,"Nutraceutical Properties of Medicago sativa L., Agave spp., Zea mays L. and Avena sativa L.: A Review of Metabolites and Mechanisms",10.3390/metabo12090806,exclude,exclude,exclude,Review or non-original article
531,WoS,Ain,2023,Nutritional importance and industrial uses of pomegranate peel: A critical review,10.1002/fsn3.3320,exclude,exclude,exclude,Review or non-original article
532,WoS,Çebi,2024,Evaluation of α-glucosidase inhibitor activity and bioactive compounds in purple wheat flour yogurts,10.1016/j.ijbiomac.2024.135373,exclude,exclude,exclude,Animal or in vitro study
533,WoS,Sui,2025,"Dietary flavonoids may improve insulin resistance: NHANES, network pharmacological analyses and in vitro experiments",10.1371/journal.pone.0338100,exclude,exclude,exclude,Observational design
534,WoS,Lu,2025,Nitraria sibirica Pall.: A Halophytic Resource for Antioxidant-Rich Functional Foods and Ecological Resilience,10.3390/foods14091646,exclude,exclude,exclude,Review or non-original article
535,WoS,Hernandez-Bautista,2024,Microencapsulation of Hibiscus sabdariffa extract in taro starch: Determination of optimal conditions of bioactive compound retention using response surface methodology,10.1016/j.ijbiomac.2024.137145,exclude,exclude,exclude,Review or non-original article
536,WoS,Wankhade,2019,Sex-Specific Changes in Gut Microbiome Composition following Blueberry Consumption in C57BL/6J Mice,10.3390/nu11020313,exclude,exclude,exclude,Animal or in vitro study
537,WoS,Kamaruddin,2022,Vascular Protective Effect and Its Possible Mechanism of Action on Selected Active Phytocompounds: A Review,10.1155/2022/3311228,exclude,exclude,exclude,Review or non-original article
538,WoS,Mena,2014,"Flavan-3-ols, Anthocyanins, and Inflammation",10.1002/iub.1332,exclude,exclude,exclude,Review or non-original article
539,WoS,Irondi,2025,"Plant-based milk substitutes: sources, production, and nutritional, nutraceutical and sensory qualities",10.3389/frfst.2025.1593870,exclude,exclude,exclude,Review or non-original article
540,WoS,Amtaghri,2024,"A Comprehensive Overview of Hibiscus rosa-sinensis L.: Its Ethnobotanical Uses, Phytochemistry, Therapeutic Uses, Pharmacological Activities, and Toxicology",10.2174/1871530323666230522113405,exclude,exclude,exclude,Review or non-original article
541,WoS,de Oliveira,2010,Effects of an Extract Obtained From Fruits of Euterpe oleracea Mart. in the Components of Metabolic Syndrome Induced in C57BL/6J Mice Fed a High-fat Diet,10.1097/fjc.0b013e3181f78da4,exclude,exclude,exclude,Animal or in vitro study
542,WoS,Di Lorenzo,2021,Polyphenols and Human Health: The Role of Bioavailability,10.3390/nu13010273,exclude,exclude,exclude,Review or non-original article
543,WoS,Arshad,2025,"Nutritional, Pharmacological and Industrial Applications of Mangosteen and Passion Fruit: A Review",10.1002/fsn3.70574,exclude,exclude,exclude,Review or non-original article
544,WoS,Zhang,2022,Integrative Analysis of Metabolome and Transcriptome Reveals the Mechanism of Flavonoid Biosynthesis in Lithocarpus polystachyus Rehd,10.1021/acsomega.2c01125,exclude,exclude,exclude,Other reason not meeting eligibility criteria
545,WoS,Krikorian,2010,Concord grape juice supplementation improves memory function in older adults with mild cognitive impairment,10.1017/s0007114509992364,exclude,exclude,exclude,Other reason not meeting eligibility criteria
546,WoS,Xue,2025,"Research progress in extraction, purification, structure of fruit and vegetable polysaccharides and their interaction with anthocyanins/starch",10.1080/10408398.2023.2291187,exclude,exclude,exclude,Review or non-original article
547,WoS,Liu,2015,Blueberry Anthocyanins-Enriched Extracts Attenuate Cyclophosphamide-Induced Cardiac Injury,10.1371/journal.pone.0127813,exclude,exclude,exclude,Animal or in vitro study
548,WoS,Sidor,2019,Black chokeberry (Aronia melanocarpa) and its products as potential health-promoting factors - An overview,10.1016/j.tifs.2019.05.006,exclude,exclude,exclude,Review or non-original article
549,WoS,Sánchez-Nuño,2024,Bioactive Compounds from Pigmented Corn (Zea mays L.) and Their Effect on Health,10.3390/biom14030338,exclude,exclude,exclude,Review or non-original article
550,WoS,Bucchini,2016,Cocomerina pear: an old and rare fruit with red pulp. Analysis of phenolic content and antioxidant/anti-inflammatory capacity,10.1080/19476337.2016.1147084,exclude,exclude,exclude,Animal or in vitro study
551,WoS,Jiménez-Ferrer,2012,Diuretic Effect of Compounds from Hibiscus sabdariffa by Modulation of the Aldosterone Activity,10.1055/s-0032-1327864,exclude,exclude,exclude,Animal or in vitro study
552,WoS,Keylani,2023,Endoplasmic reticulum as a target in cardiovascular diseases: Is there a role for flavonoids?,10.3389/fphar.2022.1027633,exclude,exclude,exclude,Review or non-original article
553,WoS,Oumeddour,2024,Recent advances on cyanidin-3-O-glucoside in preventing obesity-related metabolic disorders: A comprehensive review,10.1016/j.bbrc.2024.150344,exclude,exclude,exclude,Review or non-original article
554,WoS,Du,2018,Fermentation alters the bioaccessible phenolic compounds and increases the alpha-glucosidase inhibitory effects of aronia juice in a dairy matrix following in vitro digestion,10.1039/c8fo00250a,exclude,exclude,exclude,Animal or in vitro study
555,WoS,Salamon,2021,Antiproliferative and Antimicrobial Activity of Anthocyanins from Berry Fruits after Their Isolation and Freeze-Drying,10.3390/app11052096,exclude,exclude,exclude,Animal or in vitro study
556,WoS,Dayar,2020,Beneficial Effects of Cornelian Cherries on Lipid Profile and NO/ROS Balance in Obese Zucker Rats: Comparison with CoQ10,10.3390/molecules25081922,exclude,exclude,exclude,Animal or in vitro study
557,WoS,Sanlier,2024,Are the Effects of Bioactive Components on Human Health a Myth?: Black Elderberry (Sambucus nigra L.) from Exotic Fruits,10.1007/s13668-024-00572-6,exclude,exclude,exclude,Review or non-original article
558,WoS,Rahbardar,2023,A review of how the saffron (Crocus sativus) petal and its main constituents interact with the Nrf2 and NF-κB signaling pathways,10.1007/s00210-023-02487-5,exclude,exclude,exclude,Review or non-original article
559,WoS,Ding,2025,Loganic acid ameliorates diabetic cardiomyopathy via suppressing TLR4/p38 MAPK signaling-mediated oxidative stress and inflammation,10.3164/jcbn.25-91,exclude,exclude,exclude,Animal or in vitro study
560,WoS,Dabeek,2019,Characterization and Quantification of Major Flavonol Glycosides in Ramps (Allium tricoccum),10.3390/molecules24183281,exclude,exclude,exclude,Review or non-original article
561,WoS,Suganya,2022,Phytochemical constituents and antioxidant activity of fresh and cooked Tamarillo-an indigenous fruit-using different drying methods,,exclude,exclude,exclude,Review or non-original article
562,WoS,Domitrovic,2011,The Molecular Basis for the Pharmacological Activity of Anthocyans,10.2174/092986711797287601,exclude,exclude,exclude,Review or non-original article
563,WoS,Poudyal,2010,"Comparison of purple carrot juice and β-carotene in a high-carbohydrate, high-fat diet-fed rat model of the metabolic syndrome",10.1017/s0007114510002308,exclude,exclude,exclude,Animal or in vitro study
564,WoS,Landberg,2011,Selected Dietary Flavonoids are Associated with Markers off Inflammation and Endothelial Dysfunction in U.S. Women,10.3945/jn.110.133843,exclude,exclude,exclude,Observational design
565,WoS,Piovarciová,2026,"FLAXSEED, SEA BUCKTHORN AND CORNELIAN CHERRY IN TYPE 2 DIABETES: GUT MICROBIOTA AND METABOLIC BENEFITS-A NARRATIVE REVIEW",10.55251/jmbfs.14039,exclude,exclude,exclude,Review or non-original article
566,WoS,Wu,2025,Efficacy and safety of dietary polyphenol supplements for COPD: a systematic review and meta-analysis,10.3389/fimmu.2025.1617694,exclude,exclude,exclude,Review or non-original article
567,WoS,Milutinovic,2020,Antispasmodic effects of black chokeberry (Aronia melanocarpa (Michx.) Elliott) extracts and juice and their potential use in gastrointestinal disorders,10.3233/jbr-190435,exclude,exclude,exclude,Animal or in vitro study
568,WoS,Parzonko,2016,Cardioprotective Effects of Aronia melanocarpa Anthocyanins. From Laboratory Experiments to Clinical Practice,10.2174/1381612822666151112152143,exclude,exclude,exclude,Review or non-original article
569,WoS,Fathi,2019,Pomological and phytochemical diversity in Iranian populations of Caucasian whortleberry (Vaccinum arctostaphylos L.),10.1016/j.scienta.2018.08.013,exclude,exclude,exclude,Review or non-original article
570,WoS,Aalim,2025,"Systematic review of the digestive fate of rice phenolic compounds: Insights into bioavailability, influencing factors, encapsulation strategies, and health implications",10.1016/j.tifs.2024.104833,exclude,exclude,exclude,Review or non-original article
571,WoS,Ohguro,2012,"Two-Year Randomized, Placebo-Controlled Study of Black Currant Anthocyanins on Visual Field in Glaucoma",10.1159/000335961,exclude,exclude,exclude,Other reason not meeting eligibility criteria
572,WoS,Salami,2020,Suitability of Roselle-Hibiscus sabdariffa L. as Raw Material for Soft Drink Production,10.1155/2020/8864142,exclude,exclude,exclude,Review or non-original article
573,WoS,Anushya,2022,"Pharmacological, phytochemical screening and evaluation of in vitro anticancer potential of traditional medicinal plant Morinda umbellata L. leaf extracts on human breast carcinoma MCF - 7 cell line",,exclude,exclude,exclude,Animal or in vitro study
574,WoS,de Pascual-Teresa,2010,Flavanols and Anthocyanins in Cardiovascular Health: A Review of Current Evidence,10.3390/ijms11041679,exclude,exclude,exclude,Review or non-original article
575,WoS,de Santana,2022,'Pera' Orange and 'Moro' Blood Orange Juice Improves Oxidative Stress and Inflammatory Response Biomarkers and Modulates the Gut Microbiota of Individuals with Insulin Resistance and Different Obesity Classes,10.3390/obesities2040033,exclude,exclude,exclude,Other reason not meeting eligibility criteria
576,WoS,Legua,2012,"EVALUATION OF SPANISH POMEGRANATE JUICES: ORGANIC ACIDS, SUGARS, AND ANTHOCYANINS",10.1080/10942912.2010.491931,exclude,exclude,exclude,Review or non-original article
577,WoS,Jamar,2020,Effects of the jucara fruit supplementation on metabolic parameters in individuals with obesity: a double-blind randomized controlled trial,10.1016/j.jnutbio.2020.108430,include,include,include,
578,WoS,Go,2024,Functional Activities and Mechanisms of Aronia melanocarpa in Our Health,10.3390/cimb46080477,exclude,exclude,exclude,Review or non-original article
579,WoS,Kulling,2008,Chokeberry (Aronia melanocarpa) - A Review on the Characteristic Components and Potential Health Effects,10.1055/s-0028-1088306,exclude,exclude,exclude,Review or non-original article
580,WoS,Peng,2015,"Effects of light on growth, levels of anthocyanin, concentration of metabolites in Fagopyrum tataricum sprout cultures",10.1111/ijfs.12780,exclude,exclude,exclude,Review or non-original article
581,WoS,Zhou,2023,Dietary Flavonoid Intake and Cancer Mortality: A Population-Based Cohort Study,10.3390/nu15040976,exclude,exclude,exclude,Other reason not meeting eligibility criteria
582,WoS,Kiadehi,2025,The Effect of Anthocyanin Supplementation on Pro-Inflammatory Biomarkers in Patients With Metabolic Disorders: A Grade-Assessed Systematic Review and Meta-Analysis,10.1016/j.curtheres.2024.100772,include,include,include,
583,WoS,Miller,2019,Bioactive Compounds of Strawberry and Blueberry and Their Potential Health Effects Based on Human Intervention Studies: A Brief Overview,10.3390/nu11071510,exclude,exclude,exclude,Review or non-original article
584,WoS,Sandu-Balan,2024,Walnut By-Products and Elderberry Extracts-Sustainable Alternatives for Human and Plant Health,10.3390/molecules29020498,exclude,exclude,exclude,Animal or in vitro study
585,WoS,Muñoz-Fonseca,2025,"Agromorphological Characterization of Passiflora edulis f. flavicarpa Degener in Miraflores, Colombia",10.1155/ioa/3277821,exclude,exclude,exclude,Review or non-original article
586,WoS,Habanova,2025,Short-Term Supplementation with 100% Bilberry Products and Its Effects on Body Composition and Lipid Profile in Overweight/Obese Women,10.3390/metabo15040218,include,include,include,
587,WoS,Xie,2024,Proanthocyanidin offers protection against diabetic nephropathy: elucidation of its mechanism of action using animal models,10.1080/13880209.2024.2409772,exclude,exclude,exclude,Animal or in vitro study
588,WoS,Peluso,2006,"Flavonoids attenuate cardiovascular disease, inhibit phosphodiesterase, and modulate lipid homeostasis in adipose tissue and liver",10.1177/153537020623100802,exclude,exclude,exclude,Review or non-original article
589,WoS,Balthazar,2022,"The future of functional food: Emerging technologies application on prebiotics, probiotics and postbiotics",10.1111/1541-4337.12962,exclude,exclude,exclude,Review or non-original article
590,WoS,Niewinna,2025,"Polyphenols, Polysaccharides, and Their Complexes from Aronia melanocarpa in the Chemoprevention of Colorectal Cancer",10.3390/molecules31010010,exclude,exclude,exclude,Review or non-original article
591,WoS,Slama,2024,"Borago Officinalis L.: A Review Oon Extraction, Phytochemical, and Pharmacological Activities",10.1002/cbdv.202301822,exclude,exclude,exclude,Review or non-original article
592,WoS,Mykhailenko,2019,Biologically active compounds and pharmacological activities of species of the genus Crocus: A review,10.1016/j.phytochem.2019.02.004,exclude,exclude,exclude,Review or non-original article
593,WoS,Durazzo,2019,"Polyphenols: A concise overview on the chemistry, occurrence, and human health",10.1002/ptr.6419,exclude,exclude,exclude,Review or non-original article
594,WoS,Feliciano,2016,Plasma and Urinary Phenolic Profiles after Acute and Repetitive Intake of Wild Blueberry,10.3390/molecules21091120,exclude,exclude,exclude,Review or non-original article
595,WoS,Chmiel,2018,"The impact of cooking method on the phenolic composition, total antioxidant activity and starch digestibility of rice (Oryza sativa L.)",10.1111/jfpp.13383,exclude,exclude,exclude,Review or non-original article
596,WoS,Arya,2026,Raspberry protective role in inflammatory diseases: An overview,10.22038/ijbms.2025.89042.19218,exclude,exclude,exclude,Review or non-original article
597,WoS,Molnar,2025,Green Extraction of Phenolic Compounds from Aronia melanocarpa Using Deep Eutectic Solvents and Antioxidant Activity Investigation,10.3390/antiox14010031,exclude,exclude,exclude,Review or non-original article
598,WoS,Mursu,2007,The intake of flavonoids and carotid atherosclerosis: the Kuopio ischaemic heart disease risk factor study,10.1017/s0007114507744410,exclude,exclude,exclude,Other reason not meeting eligibility criteria
599,WoS,Panda,2022,"Black rice: A review from its history to chemical makeup to health advantages, nutritional properties and dietary uses",10.14719/pst.1817,exclude,exclude,exclude,Review or non-original article
600,WoS,Shim,2012,Ginkgo biloba Extract and Bilberry Anthocyanins Improve Visual Function in Patients with Normal Tension Glaucoma,10.1089/jmf.2012.2241,exclude,exclude,exclude,Other reason not meeting eligibility criteria
601,WoS,Wu,2016,Myrciaria cauliflora extracts attenuate diabetic nephropathy involving the Ras signaling pathway in streptozotocin/nicotinamide mice on a high fat diet,10.1016/j.jfda.2015.10.001,exclude,exclude,exclude,Animal or in vitro study
602,WoS,Qi,2023,Mining genes related to anthocyanin synthesis and regulation in different potato varieties based on comparative transcriptomics,10.1007/s13562-022-00816-y,exclude,exclude,exclude,Other reason not meeting eligibility criteria
603,WoS,Alahyane,2026,"Polyphenol Composition, Antioxidant Properties, and Health Benefits of Moroccan-Cultivated Raspberries, Blackberries, and Blueberries: A Comprehensive Review",10.3390/foods15081356,exclude,exclude,exclude,Review or non-original article
604,WoS,Willems,2015,Beneficial Physiological Effects With Blackcurrant Intake in Endurance Athletes,10.1123/ijsnem.2014-0233,exclude,exclude,exclude,Review or non-original article
605,WoS,Santos,2021,Cherry intake as a dietary strategy in sport and diseases: a review of clinical applicability and mechanisms of action,10.1080/10408398.2020.1734912,exclude,exclude,exclude,Review or non-original article
606,WoS,Nowak,2017,Multidimensional comparative analysis of phenolic compounds in organic juices with high antioxidant capacity,10.1002/jsfa.8089,exclude,exclude,exclude,Review or non-original article
607,WoS,Wangensteen,2014,"Anthocyanins, proanthocyanidins and total phenolics in four cultivars of aronia: Antioxidant and enzyme inhibitory effects",10.1016/j.jff.2014.02.006,exclude,exclude,exclude,Animal or in vitro study
608,WoS,Cassidy,2016,Habitual intake of anthocyanins and flavanones and risk of cardiovascular disease in men,10.3945/ajcn.116.133132,exclude,include,include,Observational design
609,WoS,Pizzolato,2012,Process for integral use of blueberry,10.1515/1556-3758.2415,exclude,exclude,exclude,Review or non-original article
610,WoS,Xu,2025,"Cranberry Research Progress: A Systematic Review of Chemical Composition, Pharmacological Mechanisms, Clinical Applications, and Nutritional Significance",10.3390/ijms26199707,exclude,exclude,exclude,Review or non-original article
611,WoS,O'Leary,2025,"Effects of the DailyColors™ polyphenol supplement on serum proteome, cognitive function, and health in older adults at risk of cognitive and functional decline",10.1039/d4fo06259k,exclude,exclude,exclude,Other reason not meeting eligibility criteria
612,WoS,Sumner,2005,Effects of pomegranate juice consumption on myocardial perfusion in patients with coronary heart disease,10.1016/j.amjcard.2005.05.026,exclude,exclude,exclude,Other reason not meeting eligibility criteria
613,WoS,Hirzel,2023,Characterization of fruit quality attributes and nutritional composition of ten blueberry cultivars,10.1163/22238980-bja10073,exclude,exclude,exclude,Review or non-original article
614,WoS,Agama-Acevedo,2025,Exploring Underused Starchy Food Crops to Extend Their Consumption: Mexico as Case of Study,10.1007/s11130-025-01347-2,exclude,exclude,exclude,Review or non-original article
615,WoS,Krga,2019,Anthocyanins: From Sources and Bioavailability to Cardiovascular-Health Benefits and Molecular Mechanisms of Action,10.1021/acs.jafc.8b06737,exclude,exclude,exclude,Review or non-original article
616,WoS,Shin,2017,Non-alcoholic fatty liver disease and flavonoids: Current perspectives,10.1016/j.clinre.2016.07.001,exclude,exclude,exclude,Review or non-original article
617,WoS,Van der Werf,2018,"Beneficial effects of cherry consumption as a dietary intervention for metabolic, hepatic and vascular complications in type 2 diabetic rats",10.1186/s12933-018-0744-6,exclude,exclude,exclude,Animal or in vitro study
618,WoS,Agulló,2021,Sweetener influences plasma concentration of flavonoids in humans after an acute intake of a new (poly)phenol-rich beverage,10.1016/j.numecd.2020.11.016,exclude,exclude,exclude,Review or non-original article
619,WoS,Xiang,2023,Higher anthocyanin intake is associated with a lower risk of non-alcoholic fatty liver disease in the United States adult population,10.3389/fnut.2023.1265507,exclude,exclude,exclude,Observational design
620,WoS,Estévez-Santiago,2019,Lack of a Synergistic Effect on Cardiometabolic and Redox Markers in a Dietary Supplementation with Anthocyanins and Xanthophylls in Postmenopausal Women,10.3390/nu11071533,include,include,include,
621,WoS,Luu,2023,"Nutrients, Phytochemicals and In Vitro Disease Prevention of Nephelium hypoleucum Kurz Fruit",10.3390/nu15040950,exclude,exclude,exclude,Animal or in vitro study
622,WoS,Abdulbaqi,2022,"A stability-indicating HPLC-UV method for the quantification of anthocyanin in Roselle (Hibiscus Sabdariffa L.) spray-dried extract, oral powder, and lozenges",10.1016/j.heliyon.2022.e09177,exclude,exclude,exclude,Review or non-original article
623,WoS,Borowiec,2024,Investigation of Changes in the Polyphenol Profile Verified by LC-MS/MS and the Pro-Health Activities of Fruit Smoothie,10.1002/mnfr.202300426,exclude,exclude,exclude,Review or non-original article
624,WoS,Edwards,2012,A review of the chemistry of the genus Crataegus,10.1016/j.phytochem.2012.04.006,exclude,exclude,exclude,Review or non-original article
625,WoS,Flores-Félix,2018,Rhizobium and Phyllobacterium bacterial inoculants increase bioactive compounds and quality of strawberries cultivated in field conditions,10.1016/j.foodres.2018.05.059,exclude,exclude,exclude,Review or non-original article
626,WoS,Xu,2025,Exploring the Epigenetic and Metabolic Pathways for Antioxidant and Anti-Inflammatory Potentials of Tart Cherry Juice Concentrate,10.1007/s40495-025-00422-1,exclude,exclude,exclude,Review or non-original article
627,WoS,Granato,2016,Chemical perspective and criticism on selected analytical methods used to estimate the total content of phenolic compounds in food matrices,10.1016/j.trac.2016.03.010,exclude,exclude,exclude,Review or non-original article
628,WoS,Chupeerach,2021,"The Effect of Steaming and Fermentation on Nutritive Values, Antioxidant Activities, and Inhibitory Properties of Tea Leaves",10.3390/foods10010117,exclude,exclude,exclude,Review or non-original article
629,WoS,Tsuda,2016,Recent Progress in Anti-Obesity and Anti-Diabetes Effect of Berries,10.3390/antiox5020013,exclude,exclude,exclude,Review or non-original article
630,WoS,Mishra,2025,Deeper insights into the physiological and metabolic functions of the pigments in plants and their applications: beyond natural colorants,10.1111/ppl.70168,exclude,exclude,exclude,Review or non-original article
631,WoS,Chen,2022,"Absorption, metabolism and bioavailability of flavonoids: a review",10.1080/10408398.2021.1917508,exclude,exclude,exclude,Review or non-original article
632,WoS,Zou,2013,Response Surface Methodology for Ultrasound-Assisted Extraction of Astaxanthin from Haematococcus pluvialis,10.3390/md11051644,exclude,exclude,exclude,Review or non-original article
633,WoS,Choy,2019,Flavonoids as Natural Anti-Inflammatory Agents Targeting Nuclear Factor-Kappa B (NFκB) Signaling in Cardiovascular Diseases: A Mini Review,10.3389/fphar.2019.01295,exclude,exclude,exclude,Review or non-original article
634,WoS,Kuk,2025,Nutrition in inflammatory bowel disease: new trends,10.1097/mco.0000000000001140,exclude,exclude,exclude,Review or non-original article
635,WoS,Jian,2023,The modulation effects of plant-derived bioactive ingredients on chronic kidney disease: Focus on the gut-kidney axis,10.1002/fft2.209,exclude,exclude,exclude,Review or non-original article
636,WoS,Tang,2018,Bioavailable Blueberry-Derived Phenolic Acids at Physiological Concentrations Enhance Nrf2-Regulated Antioxidant Responses in Human Vascular Endothelial Cells,10.1002/mnfr.201700647,exclude,exclude,exclude,Animal or in vitro study
637,WoS,Ayati,2019,"Ethnobotany, Phytochemistry and Traditional Uses of Curcuma spp. and Pharmacological Profile of Two Important Species (C. longa and C. zedoaria): A Review",10.2174/1381612825666190402163940,exclude,exclude,exclude,Review or non-original article
638,WoS,Boonla,2026,"Acute Effects of Hom Pathum and Tubtim Chumphae Rice Jellies on Glycemic Response, Endurance Performance, and Oxidative Stress in Healthy Adults: A Randomized Crossover Study",10.3390/foods15122122,exclude,exclude,exclude,Other reason not meeting eligibility criteria
639,WoS,Ardestani,2015,Effect of Extraction and Processing Conditions on Organic Acids of Barberry Fruits,10.1111/jfbc.12158,exclude,exclude,exclude,Review or non-original article
640,WoS,Tian,2021,Quantitative analysis and visualization of moisture and anthocyanins content in purple sweet potato by Vis-NIR hyperspectral imaging,10.1111/jfpp.15128,exclude,exclude,exclude,Review or non-original article
641,WoS,Mansilla,2026,Functional foods and their potential impact on women's health in Chile,10.3389/fnut.2026.1778228,exclude,exclude,exclude,Review or non-original article
642,WoS,Yang,2024,Effects of anaerobic treatment on the non-volatile components and angiotensin-converting enzyme (ACE) inhibitory activity of purple-colored leaf tea,10.1016/j.fochx.2024.101649,exclude,exclude,exclude,Animal or in vitro study
643,WoS,Rahim,2022,"Photochemistry, Functional Properties, Food Applications, and Health Prospective of Black Rice",10.1155/2022/2755084,exclude,exclude,exclude,Review or non-original article
644,WoS,Varghese,2022,Cardioprotective effects of phytopigments via multiple signaling pathways,10.1016/j.phymed.2021.153859,exclude,exclude,exclude,Review or non-original article
645,WoS,Higasa,2011,"Distribution of a novel angiotensin I-converting enzyme inhibitory substance (2""-hydroxynicotianamine) in the flour, plant parts, and processed products of buckwheat",10.1016/j.foodchem.2010.08.074,exclude,exclude,exclude,Animal or in vitro study
646,WoS,Piovesana,2019,Composition analysis of carotenoids and phenolic compounds and antioxidant activity from hibiscus calyces (Hibiscus sabdariffa L.) by HPLC-DAD-MS/MS,10.1002/pca.2806,exclude,exclude,exclude,Review or non-original article
647,WoS,Kalt,2020,Recent Research on the Health Benefits of Blueberries and Their Anthocyanins,10.1093/advances/nmz065,exclude,exclude,exclude,Review or non-original article
648,WoS,Liu,2023,High-Throughput Phytochemical Unscrambling of Flowers Originating from Astragalus membranaceus (Fisch.) Bge. var. mongholicus (Bge.) P. K. Hsiao and Astragalus membranaceus (Fisch.) Bug. by Applying the Intagretive Plant Metabolomics Method Using UHPLC-Q-TOF-MS/MS,10.3390/molecules28166115,exclude,exclude,exclude,Review or non-original article
649,WoS,Fahmy,2022,Ongoing and potential novel trends of pomegranate fruit peel; a comprehensive review of its health benefits and future perspectives as nutraceutical,10.1111/jfbc.14024,exclude,exclude,exclude,Review or non-original article
650,WoS,Solverson,2018,Blackberry Feeding Increases Fat Oxidation and Improves Insulin Sensitivity in Overweight and Obese Males,10.3390/nu10081048,exclude,exclude,exclude,Other reason not meeting eligibility criteria
651,WoS,Wang,2017,An analysis method for flavan-3-ols using high performance liquid chromatography coupled with a fluorescence detector,10.1016/j.jfda.2017.02.005,exclude,exclude,exclude,Review or non-original article
652,WoS,Mansoori,2021,Effects of tart cherry and its metabolites on aging and inflammatory conditions: Efficacy and possible mechanisms,10.1016/j.arr.2021.101254,exclude,exclude,exclude,Review or non-original article
653,WoS,Ahmed,2017,Antidiabetic effects of native date fruit Aseel (Phoenix dactylifera L.) in normal and hyperglycemic rats,,exclude,exclude,exclude,Animal or in vitro study
654,WoS,Chai,2026,Synthetic metabolic engineering of functional crops: Boosting nutrition and human health,10.1016/j.cj.2025.06.003,exclude,exclude,exclude,Review or non-original article
655,WoS,Moghaddasi,2010,Saffron chemicals and medicine usage,,exclude,exclude,exclude,Review or non-original article
656,WoS,Matute,2021,Ex Vivo Antioxidant Capacities of Fruit and Vegetable Juices. Potential In Vivo Extrapolation,10.3390/antiox10050770,exclude,exclude,exclude,Animal or in vitro study
657,WoS,Xiao,2015,Dietary Polyphenols and Type 2 Diabetes: Current Insights and Future Perspectives,,exclude,exclude,exclude,Review or non-original article
658,WoS,Chen,2025,Interactions between anthocyanins and gut microbiota in promoting healthy aging,10.1016/j.jfutfo.2024.07.002,exclude,exclude,exclude,Review or non-original article
659,WoS,Romano,2023,Pigmented cereals and legume grains as healthier alternatives for brewing beers,10.1016/j.fbio.2023.102463,exclude,exclude,exclude,Review or non-original article
660,WoS,Currie,2023,Considerations for Optimizing Warfighter Psychological Health with a Research-Based Flavonoid Approach: A Review,10.3390/nu15051204,exclude,exclude,exclude,Review or non-original article
661,WoS,Fernando,2017,Diabetes and Alzheimer's Disease: Can Tea Phytochemicals Play a Role in Prevention?,10.3233/jad-161200,exclude,exclude,exclude,Review or non-original article
662,WoS,Sehrish,2023,A review on various extraction and detection methods of bio-functional components from microgreens: food applications and health properties,10.1080/10942912.2023.2272564,exclude,exclude,exclude,Review or non-original article
663,WoS,Zaheer,2016,"Potato Production, Usage, and Nutrition-A Review",10.1080/10408398.2012.724479,exclude,exclude,exclude,Review or non-original article
664,WoS,Rodriguez-Mateos,2016,Bioavailability of wild blueberry (poly)phenols at different levels of intake,10.3233/jbr-160123,exclude,exclude,exclude,Review or non-original article
665,WoS,Yan,2026,Black highland barley as a characteristic grain of the Qinghai-Tibet Plateau: profile on its nutritional functional properties and food processing applications,10.1016/j.foodres.2026.118493,exclude,exclude,exclude,Review or non-original article
666,WoS,Ayati,2018,"Phytochemistry, Traditional Uses and Pharmacological Profile of Rose Hip: A Review",10.2174/1381612824666181010151849,exclude,exclude,exclude,Review or non-original article
667,WoS,Bondonno,2020,Phenolic composition of 91 Australian apple varieties: towards understanding their health attributes,10.1039/d0fo01130d,exclude,exclude,exclude,Review or non-original article
668,WoS,Nikbakht-Jam,2026,Effect of Dietary Intervention With Berries on Anthropometric Indices: A Systematic Review and Meta-Analysis of Randomized Controlled Clinical Trials,10.1093/nutrit/nuaf153,include,include,include,
669,WoS,Leblais,2008,Relaxation induced by red wine polyphenolic compounds in rat pulmonary arteries:: lack of inhibition by NO-synthase inhibitor,10.1111/j.1472-8206.2007.00546.x,exclude,exclude,exclude,Animal or in vitro study
670,WoS,Banjari,2017,Antidiabetic effects of Aronia melanocarpa and its Other Therapeutic Properties,10.3389/fnut.2017.00053,exclude,exclude,exclude,Review or non-original article
671,WoS,Cutler,2017,Mechanistic insights into the vascular effects of blueberries: Evidence from recent studies,10.1002/mnfr.201600271,exclude,exclude,exclude,Review or non-original article
672,WoS,Jang,2023,Effects of anthocyanin supplementation on blood lipid levels: a systematic review and meta-analysis,10.3389/fnut.2023.1207751,include,include,include,
673,WoS,Kent,2018,"Development, validation and reproducibility of a food frequency questionnaire to measure flavonoid intake in older Australian adults",10.1111/1747-0080.12371,exclude,exclude,exclude,Review or non-original article
674,WoS,Raj,2021,Saskatoon berry supplementation prevents cardiac remodeling without improving renal disease in an animal model of reno-cardiac syndrome,10.1111/jfbc.13893,exclude,exclude,exclude,Animal or in vitro study
675,WoS,Garg,2022,Rising Demand for Healthy Foods-Anthocyanin Biofortified Colored Wheat Is a New Research Trend,10.3389/fnut.2022.878221,exclude,exclude,exclude,Review or non-original article
676,WoS,Zhao,2022,Comparative transcriptomic analysis reveals the regulatory mechanisms of catechins synthesis in different cultivars of Camellia sinensis,10.1016/j.foodres.2022.111375,exclude,exclude,exclude,Review or non-original article
677,WoS,Zhang,2021,Chokeberry (Aronia meanocarpa) as a new functional food relationship with health: an overview,10.1016/j.jfutfo.2022.01.006,exclude,exclude,exclude,Review or non-original article
678,WoS,Han,2021,The immune-enhancing effect of anthocyanin-fucoidan nanocomplex in RAW264.7 macrophages and cyclophosphamide-induced immunosuppressed mice,10.1111/jfbc.13631,exclude,exclude,exclude,Animal or in vitro study
679,WoS,Vaishnavi,2024,Therapeutic rice (Oryza sativa L.): Crop breeding interventions to combat chronic diseases,10.14719/pst.5331,exclude,exclude,exclude,Review or non-original article
680,WoS,Brum,2022,Consumption of oils and anthocyanins may positively modulate PPAR-γ expression in chronic noncommunicable diseases: A systematic review,10.1016/j.nutres.2022.06.004,exclude,exclude,exclude,Other reason not meeting eligibility criteria
681,WoS,Duri,2025,Nutritional Characterization of Annual and Perennial Glassworts from the Apulia Region (Italy),10.3390/foods14193433,exclude,exclude,exclude,Review or non-original article
682,WoS,Wihandani,2026,Aqueous extract of Clitoria ternatea improves perivascular adipose tissue dysregulation in rats (Rattus norvegicus) with high-fat diet,10.5472/marumj.1955286,exclude,exclude,exclude,Animal or in vitro study
683,WoS,Basu,2014,Strawberry As a Functional Food: An Evidence-Based Review,10.1080/10408398.2011.608174,exclude,exclude,exclude,Review or non-original article
684,WoS,Djurica,2016,Effects of a dietary strawberry powder on parameters of vascular health in adolescent males,10.1017/s0007114516002348,include,include,include,
685,WoS,Riaz,2018,A review on phytochemistry and therapeutic uses of Hibiscus sabdariffa L.,10.1016/j.biopha.2018.03.023,exclude,exclude,exclude,Review or non-original article
686,WoS,Özgür,2025,The multifaceted benefits of Morus nigra L.: a pharmacological powerhouse,10.1007/s11101-025-10073-1,exclude,exclude,exclude,Review or non-original article
687,WoS,Hameed,2020,Select Polyphenol-Rich Berry Consumption to Defer or Deter Diabetes and Diabetes-Related Complications,10.3390/nu12092538,exclude,exclude,exclude,Review or non-original article
688,WoS,Hernández-Pérez,2026,Antiobesity Potential of Selected Latin American Edible Plants: A Review,10.1007/s11130-026-01467-3,exclude,exclude,exclude,Review or non-original article
689,WoS,Chang,2013,Mulberry Anthocyanins Inhibit Oleic Acid Induced Lipid Accumulation by Reduction of Lipogenesis and Promotion of Hepatic Lipid Clearance,10.1021/jf401171k,exclude,exclude,exclude,Animal or in vitro study
690,WoS,Vendrame,2015,The Effects of Wild Blueberry Consumption on Plasma Markers and Gene Expression Related to Glucose Metabolism in the Obese Zucker Rat,10.1089/jmf.2014.0065,exclude,exclude,exclude,Animal or in vitro study
691,WoS,Ibrahim,2024,"Techno-functional characteristics, mineral composition and antioxidant potential of dietary fiber extracted by sonication from different oat cultivars (Avena sativa)",10.1016/j.fufo.2024.100349,exclude,exclude,exclude,Review or non-original article
692,WoS,Zhang,2025,"Pomegranate: A Comprehensive Review of Functional Components, Health Benefits, Processing, Food Applications, and Food Safety",10.1021/acs.jafc.4c05428,exclude,exclude,exclude,Review or non-original article
693,WoS,Carballeda-Sangiao,2021,A Red-Berry Mixture as a Nutraceutical: Detailed Composition and Neuronal Protective Effect,10.3390/molecules26113210,exclude,exclude,exclude,Animal or in vitro study
694,WoS,Mandal,2024,Anthocyanins: Potential phytochemical candidates for the amelioration of non-alcoholic fatty liver disease,10.1016/j.pharma.2024.02.005,exclude,exclude,exclude,Review or non-original article
695,WoS,Zhu,2018,Anthocyanins in cereals: Composition and health effects,10.1016/j.foodres.2018.04.015,exclude,exclude,exclude,Review or non-original article
696,WoS,Neyestani,2023,How effective are anthocyanins on healthy modification of cardiometabolic risk factors: a systematic review and meta-analysis,10.1186/s13098-023-01075-0,include,include,include,
697,WoS,Stadler,2021,Dietary Strategies to Improve Cardiovascular Health: Focus on Increasing High-Density Lipoprotein Functionality,10.3389/fnut.2021.761170,exclude,exclude,exclude,Review or non-original article
698,WoS,Reis,2021,"Interactions of dietary polyphenols with epithelial lipids: advances from membrane and cell models in the study of polyphenol absorption, transport and delivery to the epithelium",10.1080/10408398.2020.1791794,exclude,exclude,exclude,Review or non-original article
699,WoS,Dubey,2021,Development and storage study of reduced calorie aloe vera (Aloe barbadensisMiller) based pineapple fruit jam,10.1007/s11694-020-00689-6,exclude,exclude,exclude,Review or non-original article
700,WoS,Yang,2017,Effects of Anthocyanins on Cardiometabolic Health: A Systematic Review and Meta-Analysis of Randomized Controlled Trials,10.3945/an.116.014852,include,include,include,
701,WoS,Luo,2022,Triterpenoid acids from medicinal mushroom Inonotus obliquus (Chaga) alleviate hyperuricemia and inflammation in hyperuricemic mice: Possible inhibitory effects on xanthine oxidase activity,10.1111/jfbc.13932,exclude,exclude,exclude,Animal or in vitro study
702,WoS,Lin,2011,Chemopreventive Properties and Molecular Mechanisms of the Bioactive Compounds in Hibiscus Sabdariffa Linne,10.2174/092986711795029663,exclude,exclude,exclude,Review or non-original article
703,WoS,Vargas-León,2018,Effects of acid hydrolysis on the free radical scavenging capacity and inhibitory activity of the angiotensin converting enzyme of phenolic compounds of two varieties of jamaica (Hibiscus sabdariffa),10.1016/j.indcrop.2018.02.044,exclude,exclude,exclude,Animal or in vitro study
704,WoS,Yan,2024,Association of dietary anthocyanidins intake with all-cause mortality and cardiovascular diseases mortality in USA adults: a prospective cohort study,10.1038/s41598-024-76805-z,exclude,exclude,exclude,Observational design
705,WoS,Chen,2023,"Association between dietary anthocyanidins intake and depression among US adults: a cross-sectional study (NHANES, 2007-2010 and 2017-2018)",10.1186/s12888-023-05029-8,exclude,exclude,exclude,Other reason not meeting eligibility criteria
706,WoS,Kuntz,2015,Inhibition of low-grade inflammation by anthocyanins from grape extract in an in vitro epithelial-endothelial co-culture model,10.1039/c4fo00755g,exclude,exclude,exclude,Animal or in vitro study
707,WoS,Benedetti,2023,"An Overview of the Health Benefits, Extraction Methods and Improving the Properties of Pomegranate",10.3390/antiox12071351,exclude,exclude,exclude,Review or non-original article
708,WoS,Arevström,2019,Freeze-dried bilberry (Vaccinium myrtillus) dietary supplement improves walking distance and lipids after myocardial infarction: an open-label randomized clinical trial,10.1016/j.nutres.2018.11.008,include,include,include,
709,WoS,Hu,2025,"Flavonoid intake, inflammation, and atherosclerotic cardiovascular disease risk in US adults: a cross-sectional study",10.1186/s12986-025-00913-4,exclude,exclude,exclude,Observational design
710,WoS,Espinosa-Sánchez,2026,Inflammation and Cancer Development: Basic Mechanisms and Evidence of its Regulation by Hibiscus sabdariffa Natural Extracts,10.2174/0122103155352510241218055748,exclude,exclude,exclude,Review or non-original article
711,WoS,da Silva,2024,"Antioxidant, antitumoral, antimetastatic effect and inhibition of collagenase enzyme activity of Eleutherine bulbosa (Dayak onion) extract: In vitro, in vivo and in silico approaches",10.1016/j.jep.2023.117005,exclude,exclude,exclude,Animal or in vitro study
712,WoS,Lako,2007,"Phytochemical flavonols, carotenoids and the antioxidant properties of a wide selection of Fijian fruit, vegetables and other readily available foods",10.1016/j.foodchem.2006.01.031,exclude,exclude,exclude,Review or non-original article
713,WoS,Takahashi,2005,Antioxidant activities of black and yellow soybeans against low density lipoprotein oxidation,10.1021/jf048062m,exclude,exclude,exclude,Animal or in vitro study
714,WoS,Anuratha,2025,"EXPLORING TRADITIONAL PADDY VARIETIES: PRESERVING A LEGACY OF HEALTH, CULTURE, AND BIODIVERSITY- A REVIEW",10.15666/aeer/2301_325342,exclude,exclude,exclude,Review or non-original article
715,WoS,Costa,2016,Grape skin extract-derived polyphenols modify programming-induced renal endowment in prenatal protein-restricted male mouse offspring,10.1007/s00394-015-0963-5,exclude,exclude,exclude,Animal or in vitro study
716,WoS,Sozanski,2019,The iridoid loganic acid and anthocyanins from the cornelian cherry (Cornus mas L.) fruit increase the plasma L-arginine/ADMA ratio and decrease levels of ADMA in rabbits fed a high-cholesterol diet,10.1016/j.phymed.2018.09.175,exclude,exclude,exclude,Animal or in vitro study
717,WoS,Fallah,2020,Effect of dietary anthocyanins on biomarkers of glycemic control and glucose metabolism: A systematic review and meta-analysis of randomized clinical trials,10.1016/j.foodres.2020.109379,include,include,include,
718,WoS,Cheng,2014,Development and Phytochemical Characterization of High Polyphenol Red Lettuce with Anti-Diabetic Properties,10.1371/journal.pone.0091571,exclude,exclude,exclude,Animal or in vitro study
719,WoS,Islam,2016,Dietary Phytochemicals: Natural Swords Combating Inflammation and Oxidation-Mediated Degenerative Diseases,10.1155/2016/5137431,exclude,exclude,exclude,Review or non-original article
720,WoS,Ndolo,2022,Phytochemicals in commonly consumed foods in malawian diets,10.31989/ffhd.v12i9.976,exclude,exclude,exclude,Review or non-original article
721,WoS,Knarik,2025,Cerebrovascular and antihyperlipidemic properties of sour cherry (Prunus cerasus) fruit,10.31989/ffhd.v15i11.1790,exclude,exclude,exclude,Animal or in vitro study
722,WoS,Yahia,2023,The contribution of mango fruit (Mangifera indica L.) to human nutrition and health,10.1016/j.arabjc.2023.104860,exclude,exclude,exclude,Review or non-original article
723,WoS,Eghlima,2026,"Comparative Profiling of Phenolic Acids, Anthocyanins, Vitamin C, and Antioxidant Properties in Fruits of Iranian Crataegus pontica Ecotypes",10.1007/s00344-026-12132-z,exclude,exclude,exclude,Review or non-original article
724,WoS,Oli,2025,Antioxidant activities and biochemical analysis of Capsicum annuum L. varieties at different ripening stages,10.18520/cs/v128/i10/999-1005,exclude,exclude,exclude,Review or non-original article
725,WoS,Kumar,2019,Role of plant-derived alkaloids against diabetes and diabetes-related complications: a mechanism-based approach,10.1007/s11101-019-09648-6,exclude,exclude,exclude,Review or non-original article
726,WoS,Akoto,2021,"Anthelminthic, Anti-Inflammatory, Antioxidant, and Antimicrobial Activities and FTIR Analyses of Vernonia camporum Stem-Bark",10.1155/2021/3328073,exclude,exclude,exclude,Animal or in vitro study
727,WoS,Fernandes,2019,Nutritional and Nutraceutical Composition of Pansies (Viola x wittrockiana) During Flowering,10.1111/1750-3841.14482,exclude,exclude,exclude,Review or non-original article
728,WoS,Ho,2020,Potential health benefits of (poly)phenols derived from fruit and 100% fruit juice,10.1093/nutrit/nuz041,exclude,exclude,exclude,Review or non-original article
729,WoS,Aarsland,2023,A Randomised Placebo-Controlled Study of Purified Anthocyanins on Cognition in Individuals at Increased Risk for Dementia,10.1016/j.jagp.2022.10.002,exclude,exclude,exclude,Other reason not meeting eligibility criteria
730,WoS,Settaluri,2024,Phytochemical screening and in vitro evaluation of antioxidant and antimicrobial efficacies of Pteropyum scoparium (Jaub. & Spach) Sidaf crude extracts,10.1016/j.jksus.2023.102995,exclude,exclude,exclude,Animal or in vitro study
731,WoS,Seyoum,2025,Gut enterotype- and body mass index (BMI)-dependent effects of anthocyanin supplementation on gut microbiota composition in individuals at risk for cognitive decline: a randomized placebo-controlled trial,10.1080/19490976.2025.2570862,exclude,exclude,exclude,Other reason not meeting eligibility criteria
732,WoS,Loginovska,2021,"FUNCTIONAL BIOPRODUCT ""FucoSTEM"" - EVALUATION OF THE PRODUCT ON ORGANOLEPTIC, PHYSICOCHEMICAL, BIOCHEMICAL AND MICROBIOLOGICAL INDICATORS",,exclude,exclude,exclude,Review or non-original article
733,WoS,Stote,2023,The Effect of Berry Consumption on Oxidative Stress Biomarkers: A Systematic Review of Randomized Controlled Trials in Humans,10.3390/antiox12071443,include,include,include,
734,WoS,Eghlima,2025,Bioactive Compounds and Antimicrobial Activities in Iranian Crataegus persica Ecotypes for Potential Food and Medicinal Uses,10.1002/fsn3.4748,exclude,exclude,exclude,Review or non-original article
735,WoS,Lee,2008,"Solid-state fermentation with fungi to enhance the antioxidative activity, total phenolic and anthocyanin contents of black bean",10.1016/j.ijfoodmicro.2007.09.008,exclude,exclude,exclude,Review or non-original article
736,WoS,Fakudze,2024,Phytochemical analysis and anticancer activity of fruit extracts of Southern African pomegranate (Punica granatum) ' Wonderful ' cultivar,10.1016/j.sajb.2024.07.061,exclude,exclude,exclude,Animal or in vitro study
737,WoS,Bergland,2019,"Effects of Anthocyanin Supplementation on Serum Lipids, Glucose, Markers of Inflammation and Cognition in Adults With Increased Risk of Dementia - A Pilot Study",10.3389/fgene.2019.00536,exclude,exclude,exclude,Other reason not meeting eligibility criteria
738,WoS,Adu,2022,"Association between non-tea flavonoid intake and risk of type 2 diabetes: the Australian diabetes, obesity and lifestyle study",10.1039/d1fo04209b,exclude,exclude,exclude,Other reason not meeting eligibility criteria
739,WoS,Velichkov,2024,A biphasic response to blueberry supplementation on depressive symptoms in emerging adults: a double-blind randomized controlled trial,10.1007/s00394-023-03311-9,exclude,exclude,exclude,Other reason not meeting eligibility criteria
740,WoS,van de Klashorst,2020,Montmorency tart cherry (Prunus cerasus L.) acts as a calorie restriction mimetic that increases intestinal fat and lifespan in Caenorhabditis elegans,10.1016/j.jff.2020.103890,exclude,exclude,exclude,Animal or in vitro study
741,WoS,Cheplick,2015,Phenolic bioactives from developmental stages of highbush blueberry (Vaccinium corymbosum) for hyperglycemia management using in vitro models,10.4141/cjps-2014-352,exclude,exclude,exclude,Animal or in vitro study
742,WoS,Marhuenda-Muñoz,2022,One-Year Changes in Urinary Microbial Phenolic Metabolites and the Risk of Type 2 Diabetes-A Case-Control Study,10.3390/antiox11081540,exclude,exclude,exclude,Other reason not meeting eligibility criteria
743,WoS,Ma,2018,Molecular Mechanism and Health Role of Functional Ingredients in Blueberry for Chronic Disease in Human Beings,10.3390/ijms19092785,exclude,exclude,exclude,Review or non-original article
744,WoS,Perkins,2015,New Zealand Blackcurrant Extract Improves High-Intensity Intermittent Running,10.1123/ijsnem.2015-0020,exclude,exclude,exclude,Other reason not meeting eligibility criteria
745,WoS,Santana,2025,"Bioavailability and pharmacokinetics of (poly)phenols following consumption of selected blueberries and a blueberry-rich protein bar by adult males and females: a randomized, crossover, controlled trial",10.1016/j.ajcnut.2025.01.028,exclude,exclude,exclude,Review or non-original article
746,WoS,Fallah,2020,Impact of dietary anthocyanins on systemic and vascular inflammation: Systematic review and meta-analysis on randomised clinical trials,10.1016/j.fct.2019.110922,include,include,include,
747,WoS,Gonzalez,2024,Effects of Acute and One-Week Supplementation with Montmorency Tart Cherry Powder on Food-Induced Uremic Response and Markers of Health: A Proof-of-Concept Study,10.3390/nu16193391,include,include,include,
748,WoS,Setorki,2010,Effects of acute verjuice consumption with a high-cholesterol diet on some biochemical risk factors of atherosclerosis in rabbits,,exclude,exclude,exclude,Animal or in vitro study
749,WoS,Koç,2025,Effect of Microencapsulated and Nonencapsulated Aronia Extract on Paraoxonase 1 Gene Expression and Aortic Histopathology in High-Fat Diet-Fed Rats,10.1089/jmf.2025.0027,exclude,exclude,exclude,Animal or in vitro study
750,WoS,Stoica,2023,"A comprehensive review on bioactive compounds, health benefits, and potential food applications of onion (Allium cepa L.) skin waste",10.1016/j.tifs.2023.104173,exclude,exclude,exclude,Review or non-original article
751,WoS,Wang,2023,"Effects of chronic consumption of specific fruit (berries, cherries and citrus) on cognitive health: a systematic review and meta-analysis of randomised controlled trials",10.1038/s41430-022-01138-x,exclude,exclude,exclude,Other reason not meeting eligibility criteria
752,WoS,Alvarez-Cilleros,2020,Preventive effect of cocoa flavanols against glucotoxicity-induced vascular inflammation in the arteria of diabetic rats and on the inflammatory process in TNF-α-stimulated endothelial cells,10.1016/j.fct.2020.111824,exclude,exclude,exclude,Animal or in vitro study
753,WoS,Ohtsuka,2024,"Supplementation with cassis polyphenol has no effect on menopausal symptoms in healthy middle-aged women: A randomized, double-blind, parallel-group, placebo-controlled trial",10.1016/j.nutres.2024.03.006,include,include,include,
754,WoS,Gajic,2020,Chokeberry (Aronia melanocarpa) fruit extract modulates immune response in vivo and in vitro,10.1016/j.jff.2020.103836,exclude,exclude,exclude,Animal or in vitro study
755,WoS,Krikorian,2012,Concord Grape Juice Supplementation and Neurocognitive Function in Human Aging,10.1021/jf300277g,exclude,exclude,exclude,Other reason not meeting eligibility criteria
756,WoS,Cassidy,2016,Dietary flavonoid intake and incidence of erectile dysfunction,10.3945/ajcn.115.122010,exclude,exclude,exclude,Other reason not meeting eligibility criteria
757,WoS,Biniari,2018,Study of Some Qualitative and Quantitative Characters of the Grapes of Indigenous Greek Grapevine Varieties (Vitis vinifera L.) using HPLC and Spectrophotometric Analyses,10.15835/nbha46611008,exclude,exclude,exclude,Review or non-original article
758,WoS,Pereira-Caro,2020,Plasma pharmacokinetics of (poly)phenol metabolites and catabolites after ingestion of orange juice by endurance trained men,10.1016/j.freeradbiomed.2020.09.007,exclude,exclude,exclude,Review or non-original article
759,WoS,Feresin,2017,Extraction and Purification of Polyphenols from Freeze-dried Berry Powder for the Treatment of Vascular Smooth Muscle Cells In Vitro,10.3791/55605,exclude,exclude,exclude,Review or non-original article
760,WoS,Ucar,2014,Effect of blueberry tea on lipid and antioxidant status in children with heterozygous familial hypercholesterolemia: pilot study,10.2217/clp.14.26,include,include,include,
761,WoS,Sikora,2014,Extract of Aronia melanocarpa-modified hemostasis: in vitro studies,10.1007/s00394-014-0653-8,exclude,exclude,exclude,Animal or in vitro study
762,WoS,Montoya,2021,Enhanced pink-red hues in processed powders from unfermented cacao beans,10.1016/j.lwt.2020.110671,exclude,exclude,exclude,Review or non-original article
763,WoS,Xu,2017,QTL mapping for anthocyanin and proanthocyanidin content in red rice,10.1007/s10681-017-2035-9,exclude,exclude,exclude,Review or non-original article
764,WoS,Bryl-Górecka,2020,Bilberry Supplementation after Myocardial Infarction Decreases Microvesicles in Blood and Affects Endothelial Vesiculation,10.1002/mnfr.202000108,exclude,exclude,exclude,Other reason not meeting eligibility criteria
765,WoS,Kimble,2022,"Polyphenol-rich tart cherries (Prunus Cerasus, cv Montmorency) improve sustained attention, feelings of alertness and mental fatigue and influence the plasma metabolome in middle-aged adults: a randomised, placebo-controlled trial",10.1017/s0007114522000460,exclude,exclude,exclude,Other reason not meeting eligibility criteria
766,WoS,Christian,2009,Changes in total phenolic and monomeric anthocyanin composition and antioxidant activity of three varieties of sorrel (Hibiscus sabdariffa) during maturity,10.1016/j.jfca.2009.05.007,exclude,exclude,exclude,Review or non-original article
767,WoS,Alzahrani,2023,Effect of Blackcurrant Consumption on the Genitourinary System: A Literature Review,10.7759/cureus.44181,exclude,exclude,exclude,Review or non-original article
768,WoS,Travica,2020,The effect of blueberry interventions on cognitive performance and mood: A systematic review of randomized controlled trials,10.1016/j.bbi.2019.04.001,exclude,exclude,exclude,Other reason not meeting eligibility criteria
769,WoS,Zhao,2020,American cranberries and health benefits - an evolving story of 25 years,10.1002/jsfa.8882,exclude,exclude,exclude,Review or non-original article
770,WoS,Howatson,2022,Improved Endurance Running Performance Following Haskap Berry (Lonicera caerulea L.) Ingestion,10.3390/nu14040780,exclude,exclude,exclude,Other reason not meeting eligibility criteria
771,WoS,Wangdi,2024,Montmorency cherry supplementation enhances 15 km cycling time trial performance: Optimal timing 90-min pre-exercise,10.1002/ejsc.12187,exclude,exclude,exclude,Other reason not meeting eligibility criteria
772,WoS,Martins,2023,"Anthocyanins-rich interventions on oxidative stress, inflammation and lipid profile in patients undergoing hemodialysis: meta-analysis and meta-regression",10.1038/s41430-022-01175-6,include,include,include,
773,WoS,Vogiatzoglou,2015,Flavonoid Intake in European Adults (18 to 64 Years),10.1371/journal.pone.0128132,exclude,exclude,exclude,Other reason not meeting eligibility criteria
774,WoS,Copetti,2020,Acute effect of jucara juice (Euterpe edulis Martius) on oxidative stress biomarkers and fatigue in a high-intensity interval training session: A single-blind cross-over randomized study,10.1016/j.jff.2020.103835,exclude,exclude,exclude,Other reason not meeting eligibility criteria
775,WoS,Cook,2017,Dose effects of New Zealand blackcurrant on substrate oxidation and physiological responses during prolonged cycling,10.1007/s00421-017-3607-z,exclude,exclude,exclude,Other reason not meeting eligibility criteria
776,WoS,Bendaali,2023,Isotonic Drinks Based on Organic Grape Juice and Naturally Flavored with Herb and Spice Extracts,10.3390/beverages9020049,exclude,exclude,exclude,Review or non-original article
777,WoS,Milutinovic,2019,Chokeberry juice supplementation in type 2 diabetic patients - impact on health status,10.32725/jab.2019.020,include,include,include,
778,WoS,Kardum,2017,"Design, formulation and sensory evaluation of a polyphenol-rich food placebo: an example of aronia juice for food intervention studies",10.1080/09637486.2017.1283682,exclude,exclude,exclude,Review or non-original article
779,WoS,Arshad,2026,Ethnomedicinal Properties and Technological Challenges of Pomegranate Fruit as a Value-Added Product,10.1002/efd2.70163,exclude,exclude,exclude,Review or non-original article
780,WoS,Zielinska,2024,Anti-Atherosclerotic Properties of Aronia melanocarpa Extracts Influenced by Their Chemical Composition Associated with the Ripening Stage of the Berries,10.3390/ijms25084145,exclude,exclude,exclude,Animal or in vitro study
781,WoS,Bondonno,2021,"Flavonoid intake and incident dementia in the Danish Diet, Cancer, and Health cohort",10.1002/trc2.12175,exclude,exclude,exclude,Other reason not meeting eligibility criteria
782,WoS,Duchnowicz,2012,In vivo influence of extract from Aronia melanocarpa on the erythrocyte membranes in patients with hypercholesterolemia,10.12659/msm.883353,exclude,exclude,exclude,Other reason not meeting eligibility criteria
783,WoS,Ji,2024,Effect of berry-derived phenolic products on blood lipid profiles: A systematic review and meta-analysis,10.1016/j.fbio.2024.103607,include,include,include,
784,WoS,Sheng,2020,Metabolic Engineering of Microorganisms for the Production of Flavonoids,10.3389/fbioe.2020.589069,exclude,exclude,exclude,Review or non-original article
785,WoS,Song,2016,"Changes in seed growth, levels and distribution of flavonoids during tartary buckwheat seed development",10.1080/1343943x.2016.1207485,exclude,exclude,exclude,Review or non-original article
786,WoS,Lorzadeh,2025,The Effect of Anthocyanins on Cognition: A Systematic Review and Meta-analysis of Randomized Clinical Trial Studies in Cognitively Impaired and Healthy Adults,10.1007/s13668-024-00595-z,exclude,exclude,exclude,Other reason not meeting eligibility criteria
787,WoS,Baum,2016,Effect of Aronia melanocarpa (Black Chokeberry) supplementation on the development of obesity in mice fed a high-fat diet,10.3233/jbr-160134,exclude,exclude,exclude,Animal or in vitro study
788,WoS,Oude Griep,2011,Colors of Fruit and Vegetables and 10-Year Incidence of Stroke,10.1161/strokeaha.110.611152,exclude,exclude,exclude,Other reason not meeting eligibility criteria
789,WoS,Chen,2013,Enhancing the antitumor cell proliferation and Cu2+-chelating effects of black soybeans through fermentation with Aspergillus awamori,10.1016/j.jbiosc.2012.10.018,exclude,exclude,exclude,Animal or in vitro study
790,WoS,Rasheed,2022,Delving into the Nutraceutical Benefits of Purple Carrot against Metabolic Syndrome and Cancer: A Review,10.3390/app12063170,exclude,exclude,exclude,Review or non-original article
791,WoS,Denev,2018,Black Chokeberry (Aronia melanocarpa (Michx.) Elliot) Fruits and Functional Drinks Differ Significantly in Their Chemical Composition and Antioxidant Activity,10.1155/2018/9574587,exclude,exclude,exclude,Review or non-original article
792,WoS,Chamberlin,2024,"Polyphenol-Rich Aronia melanocarpa Fruit Beneficially Impact Cholesterol, Glucose, and Serum and Gut Metabolites: A Randomized Clinical Trial",10.3390/foods13172768,include,include,include,
793,WoS,Hu,2020,Blueberry anthocyanin-enriched extract ameliorates transverse aortic constriction-induced myocardial dysfunction via the DDAH1/ADMA/NO signaling pathway in mice,10.3892/mmr.2019.10800,exclude,exclude,exclude,Animal or in vitro study
794,WoS,Zhu,2015,Effects of Vaccinium Berries on Serum Lipids: A Meta-Analysis of Randomized Controlled Trials,10.1155/2015/790329,include,include,include,
795,WoS,Wu,2023,Bioactive Components and Biological Activities of Crocus sativus L. Byproducts: A Comprehensive Review,10.1021/acs.jafc.3c04494,exclude,exclude,exclude,Review or non-original article
796,WoS,Bora,2024,A Systematic Review of Cardio-Metabolic Properties of Lonicera caerulea L.,10.3390/antiox13060694,exclude,exclude,exclude,Review or non-original article
797,WoS,Rowe,2011,Regular Consumption of Concord Grape Juice Benefits Human Immunity,10.1089/jmf.2010.0055,exclude,exclude,exclude,Other reason not meeting eligibility criteria
798,WoS,Bahari,2023,The effects of pomegranate consumption on inflammatory and oxidative stress biomarkers in adults: a systematic review and meta-analysis,10.1007/s10787-023-01294-x,exclude,exclude,exclude,Other reason not meeting eligibility criteria
799,WoS,Amarowicz,2023,"Lentils (Lens culinaris Medik) as a Source of Phenolic Compounds-their Content, Changes during Processing, Antioxidant and Biological Activities",10.2174/1381612829666230223105804,exclude,exclude,exclude,Review or non-original article
800,WoS,Bujor,2019,Phenolic Antioxidants in Aerial Parts of Wild Vaccinium Species: Towards Pharmaceutical and Biological Properties,10.3390/antiox8120649,exclude,exclude,exclude,Review or non-original article
801,WoS,Kim,2009,Production of γ-aminobutyric acid in black raspberry juice during fermentation by Lactobacillus brevis GABA100,10.1016/j.ijfoodmicro.2008.12.028,exclude,exclude,exclude,Review or non-original article
802,WoS,Santa,2019,The Potential Use of Grape Phytochemicals for Preventing the Development of Intestine-related and Subsequent Inflammatory Diseases,10.2174/1871530319666190529105226,exclude,exclude,exclude,Review or non-original article
803,WoS,Kuczmarski,2024,Association between Flavonoid Intake and Cognitive Executive Function among African American and White Adults in the Healthy Aging in Neighborhoods of Diversity across the Life Span (HANDLS) Study,10.3390/nu16091360,exclude,exclude,exclude,Other reason not meeting eligibility criteria
804,WoS,Sidor,2020,The Effect of Plant Additives on the Stability of Polyphenols in Cloudy and Clarified Juices from Black Chokeberry (Aronia melanocarpa),10.3390/antiox9090801,exclude,exclude,exclude,Review or non-original article
805,WoS,Delpino,2022,Effects of blueberry and cranberry on type 2 diabetes parameters in individuals with or without diabetes: A systematic review and meta-analysis of randomized clinical trials,10.1016/j.numecd.2022.02.004,include,include,include,
806,WoS,Kerch,2015,Chitosan films and coatings prevent losses of fresh fruit nutritional quality: A review,10.1016/j.tifs.2015.10.010,exclude,exclude,exclude,Review or non-original article
807,WoS,Falchi,2006,Comparison of cardioprotective abilities between the flesh and skin of grapes,10.1021/jf061048k,exclude,exclude,exclude,Animal or in vitro study
808,WoS,Burton-Freeman,2016,Red Raspberries and Their Bioactive Polyphenols: Cardiometabolic and Neuronal Health Links,10.3945/an.115.009639,exclude,exclude,exclude,Review or non-original article
809,WoS,Sadowska-Bartosz,2024,Antioxidant Activity of Anthocyanins and Anthocyanidins: A Critical Review,10.3390/ijms252212001,exclude,exclude,exclude,Review or non-original article
810,WoS,Chisholm,2025,Nutrition and dietary interventions for treatment and management of familial hypercholesterolaemia in children and adolescents: A systematic review,10.1016/j.numecd.2025.103967,exclude,exclude,exclude,Other reason not meeting eligibility criteria
811,WoS,Rizzi,2016,Interaction between polyphenols intake and PON1 gene variants on markers of cardiovascular disease: a nutrigenetic observational study,10.1186/s12967-016-0941-6,exclude,exclude,exclude,Other reason not meeting eligibility criteria
812,WoS,Kim,2013,Aronia melanocarpa (chokeberry) polyphenol-rich extract improves antioxidant function and reduces total plasma cholesterol in apolipoprotein E knockout mice,10.1016/j.nutres.2013.03.001,exclude,exclude,exclude,Animal or in vitro study
813,WoS,Goetz,2016,Flavanone Intake Is Inversely Associated with Risk of Incident Ischemic Stroke in the REasons for Geographic and Racial Differences in Stroke (REGARDS) Study,10.3945/jn.116.230185,exclude,exclude,exclude,Other reason not meeting eligibility criteria
814,WoS,Istek,2017,Investigation of the impact of blueberries on metabolic factors influencing health,10.1016/j.jff.2017.09.039,exclude,exclude,exclude,Animal or in vitro study
815,WoS,Ivey,2017,Association of flavonoid-rich foods and flavonoids with risk of all-cause mortality,10.1017/s0007114517001325,exclude,exclude,exclude,Other reason not meeting eligibility criteria
816,WoS,Kumkum,2024,Bioavailability of Anthocyanins: Whole Foods versus Extracts,10.3390/nu16101403,exclude,exclude,exclude,Review or non-original article
817,WoS,Li,2013,"Estimated Daily Flavonoid and Stilbene Intake from Fruits, Vegetables, and Nuts and Associations with Lipid Profiles in Chinese Adults",10.1016/j.jand.2013.01.018,exclude,exclude,exclude,Other reason not meeting eligibility criteria
818,WoS,Fallah,2020,Effect of dietary anthocyanins on biomarkers of oxidative stress and antioxidative capacity: A systematic review and meta-analysis of randomized controlled trials,10.1016/j.jff.2020.103912,include,include,include,
819,WoS,Witucki,2022,Neuroprotective Effects of Cranberry Juice Treatment in a Rat Model of Parkinson's Disease,10.3390/nu14102014,exclude,exclude,exclude,Animal or in vitro study
820,WoS,Tasinov,2022,Comparative Phytochemical Analysis of Aronia melanocarpa L. Fruit Juices on Bulgarian Market,10.3390/plants11131655,exclude,exclude,exclude,Review or non-original article
821,WoS,Varela,2016,Effects of a Natural Extract of Aronia melanocarpa Berry on Endothelial Cell Nitric Oxide Production,10.1111/jfbc.12226,exclude,exclude,exclude,Animal or in vitro study
822,WoS,Devecchi,2021,Compositional Characteristics and Antioxidant Activity of Edible Rose Flowers and Their Effect on Phenolic Urinary Excretion,10.31883/pjfns/142639,exclude,exclude,exclude,Review or non-original article
823,WoS,Mohamedshah,2020,Comparative assessment of phenolic bioaccessibility from 100% grape juice and whole grapes,10.1039/d0fo00792g,exclude,exclude,exclude,Review or non-original article
824,WoS,Umeoguaju,2021,Immunomodulatory and Mechanistic Considerations of Hibiscus sabdariffa (HS) in Dysfunctional Immune Responses: A Systematic Review,10.3389/fimmu.2021.550670,exclude,exclude,exclude,Other reason not meeting eligibility criteria
825,WoS,Colica,2018,A Systematic Review on Natural Antioxidant Properties of Resveratrol,,exclude,exclude,exclude,Review or non-original article
826,WoS,Stettner,2013,Promoting Myelination in an In Vitro Mouse Model of the Peripheral Nerve System: The Effect of Wine Ingredients,10.1371/journal.pone.0066079,exclude,exclude,exclude,Animal or in vitro study
827,WoS,Zapolska-Downar,2012,Aronia melanocarpa fruit extract exhibits anti-inflammatory activity in human aortic endothelial cells,10.1007/s00394-011-0240-1,exclude,exclude,exclude,Animal or in vitro study
828,WoS,Stull,2016,Blueberries' Impact on Insulin Resistance and Glucose Intolerance,10.3390/antiox5040044,exclude,exclude,exclude,Review or non-original article
829,WoS,Ströher,2015,14 Days of supplementation with blueberry extract shows anti-atherogenic properties and improves oxidative parameters in hypercholesterolemic rats model,10.3109/09637486.2015.1064870,exclude,exclude,exclude,Animal or in vitro study
830,WoS,Milutinovic,2024,From the chokeberry fruit products and by-products to health-promoting effects through multifaceted in vitro bioactivity evaluation and molecular docking studies,10.3233/jbr-230066,exclude,exclude,exclude,Animal or in vitro study
831,WoS,Chrubasik,2010,The Clinical Effectiveness of Chokeberry: A Systematic Review,10.1002/ptr.3226,exclude,exclude,exclude,Review or non-original article
832,WoS,Grassi,2009,Cocoa and lipid profile: a fat paradox?,,exclude,exclude,exclude,Review or non-original article
833,WoS,Petersen,2022,Dietary Blueberry Ameliorates Vascular Complications in Diabetic Mice Possibly through NOX4 and Modulates Composition and Functional Diversity of Gut Microbes,10.1002/mnfr.202100784,exclude,exclude,exclude,Animal or in vitro study
834,WoS,Brown,2009,The Biological Responses to Resveratrol and Other Polyphenols From Alcoholic Beverages,10.1111/j.1530-0277.2009.00989.x,exclude,exclude,exclude,Review or non-original article
835,WoS,Mas-Bargues,2022,Exploring New Kingdoms: The Role of Extracellular Vesicles in Oxi-Inflamm-Aging Related to Cardiorenal Syndrome,10.3390/antiox11010078,exclude,exclude,exclude,Review or non-original article
836,WoS,Koli,2010,Bioavailability of Various Polyphenols from a Diet Containing Moderate Amounts of Berries,10.1021/jf9024823,exclude,exclude,exclude,Review or non-original article
837,WoS,Negreanu-Pirjol,2023,Health Benefits of Antioxidant Bioactive Compounds in the Fruits and Leaves of Lonicera caerulea L. and Aronia melanocarpa (Michx.) Elliot,10.3390/antiox12040951,exclude,exclude,exclude,Review or non-original article
838,WoS,Fahmy,2020,"Pomegranate juice as a functional food: a comprehensive review of its polyphenols, therapeutic merits, and recent patents",10.1039/d0fo01251c,exclude,exclude,exclude,Review or non-original article
839,WoS,Marando,2023,Evidence for Complementary and Alternative Therapies to Treat Glaucoma,10.1080/08820538.2022.2152704,exclude,exclude,exclude,Review or non-original article
840,WoS,DEMROW,1995,ADMINISTRATION OF WINE AND GRAPE JUICE INHIBITS IN-VIVO PLATELET ACTIVITY AND THROMBOSIS IN STENOSED CANINE CORONARY-ARTERIES,10.1161/01.cir.91.4.1182,exclude,exclude,exclude,Animal or in vitro study
841,WoS,Manolescu,2019,Dietary Anthocyanins and Stroke: A Review of Pharmacokinetic and Pharmacodynamic Studies,10.3390/nu11071479,exclude,exclude,exclude,Review or non-original article
842,WoS,Zilli,2021,Review of Evidence and Perspectives of Flavonoids on Metabolic Syndrome and Neurodegenerative Disease,10.2174/0929866528666210127152359,exclude,exclude,exclude,Review or non-original article
843,WoS,Castro-Acosta,2019,Adherence to UK dietary guidelines is associated with higher dietary intake of total and specific polyphenols compared with a traditional UK diet: further analysis of data from the Cardiovascular risk REduction Study: Supported by an Integrated Dietary Approach (CRESSIDA) randomised controlled trial,10.1017/s0007114518003409,exclude,exclude,exclude,Review or non-original article
844,WoS,Khan,2021,"Therapeutic potential of saffron, and its chemical components in the treatment of cancers and cardiovascular disorders - a review",,exclude,exclude,exclude,Review or non-original article
845,WoS,Amtaghri,2023,"Ethnopharmacology, Nutritional Value, Therapeutic Effects, Phytochemistry, and Toxicology of Salvia hispanica L",10.2174/0115680266248117230922095003,exclude,exclude,exclude,Review or non-original article
846,WoS,Wang,2015,Role of intestinal microbiota in the generation of polyphenol-derived phenolic acid mediated attenuation of Alzheimer's disease -amyloid oligomerization,10.1002/mnfr.201400544,exclude,exclude,exclude,Animal or in vitro study
847,WoS,Chan,2020,Effects of Bilberry Supplementation on Metabolic and Cardiovascular Disease Risk,10.3390/molecules25071653,include,include,include,
848,WoS,Wu,2017,Diverse Phytochemicals and Bioactivities in the Ancient Fruit and Modern Functional Food Pomegranate (Punica granatum),10.3390/molecules22101606,exclude,exclude,exclude,Review or non-original article
849,WoS,Dordevic,2018,An insight into chemical composition and biological activity of Montenegrin Vranac red wine,10.1016/j.scienta.2017.11.033,exclude,exclude,exclude,Review or non-original article
850,WoS,Liu,2024,A grape-supplemented diet prevented ultraviolet (UV) radiation-induced cataract by regulating Nrf2 and XIAP pathways,10.1016/j.jnutbio.2024.109636,exclude,exclude,exclude,Animal or in vitro study
851,WoS,Nassiri-Asl,2009,Review of the Pharmacological Effects of Vitis vinifera (Grape) and its Bioactive Compounds,10.1002/ptr.2761,exclude,exclude,exclude,Review or non-original article
852,WoS,Eker,2020,A Review of Factors Affecting Anthocyanin Bioavailability: Possible Implications for the Inter-Individual Variability,10.3390/foods9010002,exclude,exclude,exclude,Review or non-original article
853,WoS,McCune,2011,Cherries and Health: A Review,10.1080/10408390903001719,exclude,exclude,exclude,Review or non-original article
854,WoS,Bergh,2021,"Effects of Bilberry and Oat intake on lipids, inflammation and exercise capacity after Acute Myocardial Infarction (BIOAMI): study protocol for a randomized, double-blind, placebo-controlled trial",10.1186/s13063-021-05287-5,exclude,exclude,exclude,"Protocol, abstract or other non-report"
855,WoS,Mortas,2017,Nutritional evaluation of commonly consumed berries: composition and health effects,10.17660/th2017/72.1.1,exclude,exclude,exclude,Review or non-original article
856,WoS,Korczowska-Lacka,2023,Disorders of Endogenous and Exogenous Antioxidants in Neurological Diseases,10.3390/antiox12101811,exclude,exclude,exclude,Review or non-original article
857,WoS,Johnson,2026,Wild blueberries and cardiometabolic health: a current review of the evidence,10.1080/10408398.2025.2610406,exclude,exclude,exclude,Review or non-original article
858,WoS,Wang,2018,Gut microbiota derived metabolites in cardiovascular health and disease,10.1007/s13238-018-0549-0,exclude,exclude,exclude,Review or non-original article
859,WoS,Sánchez-Feria,2017,GENOTYPE AND ENVIRONMENTAL EFFECTS ON PHYSICAL AND CHEMICAL QUALITIES OF MEXICAN VARIETIES OF Hibiscus sabdariffa L. FLOWERS,,exclude,exclude,exclude,Review or non-original article
860,WoS,Çam,2015,Phenolics of pomegranate peels: extraction optimization by central composite design and alpha glucosidase inhibition potentials,10.1007/s13197-013-1148-y,exclude,exclude,exclude,Review or non-original article
861,WoS,Fakeye,2008,Toxicity and immunomodulatory activity of fractions of Hibiscus sabdariffa Linn (family Malvaceae) in animal models,,exclude,exclude,exclude,Animal or in vitro study
862,WoS,Rodríguez-Pérez,2019,Grape Seeds Proanthocyanidins: An Overview of In Vivo Bioactivity in Animal Models,10.3390/nu11102435,exclude,exclude,exclude,Animal or in vitro study
863,WoS,Putta,2017,Anthocyanins: Multi-Target Agents for Prevention and Therapy of Chronic Diseases,10.2174/1381612823666170519151801,exclude,exclude,exclude,Review or non-original article
864,WoS,Yang,2010,Hypolipidemic and antioxidant effects of mulberry (Morus alba L.) fruit in hyperlipidaemia rats,10.1016/j.fct.2010.05.074,exclude,exclude,exclude,Animal or in vitro study
865,WoS,Alarcon-Aguilar,2007,Effect of Hibiscus sabdariffia on obesity in MSG mice,10.1016/j.jep.2007.07.020,exclude,exclude,exclude,Animal or in vitro study
866,WoS,Mireles,2025,Genomic and Cytotoxic Damage in Wistar Rats and Their Newborns After Transplacental Exposure to Hibiscus sabdariffa Hydroalcoholic Extract,10.3390/ijms26157448,exclude,exclude,exclude,Animal or in vitro study
867,WoS,Zitouni,2020,Phytochemical Components and Bioactivity Assessment among Twelve Strawberry (Arbutus unedo L.) Genotypes Growing in Morocco Using Chemometrics,10.3390/foods9101345,exclude,exclude,exclude,Review or non-original article
868,WoS,Daskalova,2022,Aronia melanocarpa Fruit Juice Modulates ACE2 Immunoexpression and Diminishes Age-Related Remodeling of Coronary Arteries in Rats,10.3390/foods11091220,exclude,exclude,exclude,Animal or in vitro study
869,WoS,El-Serafy,2024,"As a Natural Antioxidant: Sesbania Grandiflora Leaf Extract Enhanced Growth and Yield Performance, Active Ingredients and Tolerance of Hibiscus Sabdariffa L. Under Salt-Affected Soil",10.1007/s42729-024-01763-4,exclude,exclude,exclude,Review or non-original article
870,WoS,Wang,2012,Antioxidant capacity and α-glucosidase inhibitory activity in peel and flesh of blueberry (Vaccinium spp.) cultivars,10.1016/j.foodchem.2011.11.134,exclude,exclude,exclude,Animal or in vitro study
871,WoS,Fakeye,2008,Immunomodulatory effect of extracts of Hibiscus sabdariffa L. (family malvaceae) in a mouse model,10.1002/ptr.2370,exclude,exclude,exclude,Animal or in vitro study
872,WoS,Johnson,2013,IN VITRO INHIBITORY ACTIVITIES OF THE EXTRACT OF HIBISCUS SABDARIFFA L. (FAMILY MALVACEAE) ON SELECTED CYTOCHROME P450 ISOFORMS,10.4314/ajtcam.v10i3.22,exclude,exclude,exclude,Animal or in vitro study
873,WoS,McCullough,2012,Flavonoid intake and cardiovascular disease mortality in a prospective cohort of US adults,10.3945/ajcn.111.016634,exclude,exclude,exclude,Other reason not meeting eligibility criteria
874,WoS,Kampschulte,2020,Dietary Polyphenols Inhibit the Cytochrome P450 Monooxygenase Branch of the Arachidonic Acid Cascade with Remarkable Structure-Dependent Selectivity and Potency,10.1021/acs.jafc.0c04690,exclude,exclude,exclude,Animal or in vitro study
875,WoS,Losso,2018,Pilot Study of the Tart Cherry Juice for the Treatment of Insomnia and Investigation of Mechanisms,10.1097/mjt.0000000000000584,exclude,exclude,exclude,Other reason not meeting eligibility criteria
876,WoS,Sarkar,2017,In vitro screening and evaluation of phenolic antioxidant-linked anti-hyperglycemic functions of rabbit-eye blueberry (Vaccinium ashei) cultivars,10.3233/jbr-170154,exclude,exclude,exclude,Animal or in vitro study
877,WoS,Lee,2010,Bioactivities of Kernel Extracts of 18 Strains of Maize (Zea mays),10.1111/j.1750-3841.2010.01784.x,exclude,exclude,exclude,Animal or in vitro study
878,WoS,Davinelli,2021,Effects of Flavonoid Supplementation on Common Eye Disorders: A Systematic Review and Meta-Analysis of Clinical Trials,10.3389/fnut.2021.651441,exclude,exclude,exclude,Other reason not meeting eligibility criteria
879,WoS,Pranprawit,2015,ANTIOXIDANT ACTIVITY AND INHIBITORY POTENTIAL OF BLUEBERRY EXTRACTS AGAINST KEY ENZYMES RELEVANT FOR HYPERGLYCEMIA,10.1111/jfbc.12094,exclude,exclude,exclude,Animal or in vitro study
880,WoS,Li,2024,Berries and Their Active Compounds in Prevention of Age-Related Macular Degeneration,10.3390/antiox13121558,exclude,exclude,exclude,Review or non-original article
881,WoS,Rashwan,2024,Unveiling the Mechanisms of the Development of Blueberries-Based Functional Foods: An Updated and Comprehensive Review,10.1080/87559129.2023.2245025,exclude,exclude,exclude,Review or non-original article
882,WoS,Mlynarczyk,2022,"Diet, Oxidative Stress, and Blood Serum Nutrients in Various Types of Glaucoma: A Systematic Review",10.3390/nu14071421,exclude,exclude,exclude,Review or non-original article
883,WoS,Ramdas,2018,The relation between dietary intake and glaucoma: a systematic review,10.1111/aos.13662,exclude,exclude,exclude,Review or non-original article
884,WoS,Sim,2022,Treatment of Glaucoma with Natural Products and Their Mechanism of Action: An Update,10.3390/nu14030534,exclude,exclude,exclude,Review or non-original article
885,Scopus,Kour N.,2024,Polyphenols mediated attenuation of diabetes associated cardiovascular complications: A comprehensive review,10.1007/s40200-023-01326-x,exclude,exclude,exclude,Review or non-original article
886,Scopus,Christiansen C.B.,2022,Ef fects of Aronia melanocarpa on Cardiometabolic Diseases: A Systematic Review of Quasi-Design Studies and Randomized Controlled Trials,10.1900/rds.2022.18.76,include,include,include,
887,Scopus,Mohanty S.,2025,"Mobilizing Stockpile of Nature: Phytochemicals, Herbal Extracts, and Dietary Supplements for Managing Metabolic Diseases with Concentric Focus on Obesity",10.2174/0118715303316634240822073810,exclude,exclude,exclude,Review or non-original article
888,Scopus,Hadrich F.,2022,Protective effect of olive leaves phenolic compounds against neurodegenerative disorders: Promising alternative for Alzheimer and Parkinson diseases modulation,10.1016/j.fct.2021.112752,exclude,exclude,exclude,Review or non-original article
889,Scopus,Bell W.,2025,A flavonoid-rich diet is associated with a lower risk of chronic kidney disease: A prospective cohort study,10.1016/j.clnu.2025.05.026,include,include,include,
890,Scopus,Silva M.G.D.,2022,Bioactive Natural Products against Systemic Arterial Hypertension: A Past 20-Year Systematic and Prospective Review,10.1155/2022/8499625,exclude,exclude,exclude,Review or non-original article
891,Scopus,Wang Z.,2024,The mediating role of sugar and lipid metabolism and systemic inflammation in the association between breakfast skipping and periodontitis: A population-based study,10.1002/jper.24-0079,exclude,exclude,exclude,Other reason not meeting eligibility criteria
892,Scopus,Dey S.,2022,Exploring Current Role of Nanotechnology Used in Food Processing Industry to Control Food Additives and their Biochemical Mechanisms,10.2174/1389450123666211216150355,exclude,exclude,exclude,Review or non-original article
893,Scopus,Kumari M.,2023,Recent Advancement and Novel Application of Natural Polyphenols for the Treatment of Allergy Asthma: From Phytochemistry to Biological Implications,10.1615/critrevimmunol.2023050289,exclude,exclude,exclude,Review or non-original article
894,Scopus,Gawas M.,2022,A Comprehensive Review on Varicose Veins: Preventive Measures and Different Treatments,10.1080/07315724.2021.1909510,exclude,exclude,exclude,Review or non-original article
895,Scopus,Frumuzachi O.,2024,The Impact of Cornelian Cherry (Cornus mas L.) on Cardiometabolic Risk Factors: A Meta-Analysis of Randomised Controlled Trials,10.3390/nu16132173,include,include,include,
896,Scopus,Singhai H.,2024,The Potential of Natural Products in the Management of Cardiovascular Disease,10.2174/0113816128295053240207090928,exclude,exclude,exclude,Review or non-original article
897,Scopus,Mou T.,2023,Dietary Flavonoid Intake and Carotid Calcification in Patients with Ischemic Stroke,10.1159/000532117,include,include,include,
898,Scopus,Ruskovska T.,2022,Systematic analysis of nutrigenomic effects of polyphenols related to cardiometabolic health in humans – Evidence from untargeted mRNA and miRNA studies,10.1016/j.arr.2022.101649,exclude,exclude,exclude,Other reason not meeting eligibility criteria
899,Scopus,Li Y.,2025,Higher adherence to (poly)phenol-rich diet is associated with lower CVD risk in the TwinsUK cohort,10.1186/s12916-025-04481-5,exclude,exclude,exclude,Other reason not meeting eligibility criteria
900,Scopus,Arrigoni R.,2023,Natural Bioactive Compounds against Oxidative Stress: Dietary Polyphe-nols Strike Back,10.2174/1871530323666221107092553,exclude,exclude,exclude,Review or non-original article
901,Scopus,Sen A.,2021,Jekyll and Hyde: nuclear receptors ignite and extinguish hepatic oxidative milieu,10.1016/j.tem.2021.07.009,exclude,exclude,exclude,Review or non-original article
902,Scopus,Mudd N.,2022,Caenorhabditis elegans as an in vivo model for food bioactives: A review,10.1016/j.crfs.2022.05.001,exclude,exclude,exclude,Review or non-original article
903,Scopus,Hu H.,2023,Identification of Potential Biomarkers for Group I Pulmonary Hypertension Based on Machine Learning and Bioinformatics Analysis,10.3390/ijms24098050,exclude,exclude,exclude,Other reason not meeting eligibility criteria
904,Scopus,Garzón A.G.,2026,Fermented Pistachio-Based Beverages as Novel Functional Foods: Improved Phenolic Bioaccessibility and Antidiabetic Properties,10.3390/foods15101639,exclude,exclude,exclude,Animal or in vitro study
905,Scopus,Proença I.C.T.,2024,Impact of thyroid hormones and grape juice on biochemical markers and metabolic control proteins in experimental pulmonary arterial hypertension,10.1590/s2175-97902024e23512,exclude,exclude,exclude,Animal or in vitro study
906,Scopus,Yan Q.,2022,New Advances in Improving Bone Health Based on Specific Gut Microbiota,10.3389/fcimb.2022.821429,exclude,exclude,exclude,Review or non-original article
907,Scopus,Bhat Y.,2023,Molecular targets and therapeutic strategies for triple-negative breast cancer,10.1007/s11033-023-08868-6,exclude,exclude,exclude,Review or non-original article
908,Scopus,Frenț O.-D.,2024,"A Systematic Review: Quercetin—Secondary Metabolite of the Flavonol Class, with Multiple Health Benefits and Low Bioavailability",10.3390/ijms252212091,exclude,exclude,exclude,Review or non-original article
909,Scopus,Alum E.U.,2025,"Role of phytochemicals in cardiovascular disease management: Insights into mechanisms, efficacy, and clinical application",10.1016/j.phyplu.2024.100695,exclude,exclude,exclude,Review or non-original article
910,Scopus,Kiani Z.,2023,The effect of phytochemicals in prediabetic patients: A systematic review of randomized controlled trials,10.1002/ptr.7892,exclude,exclude,exclude,Other reason not meeting eligibility criteria
911,Scopus,Zulfiqar S.,2022,Hibiscus sabdariffa inhibits α-glucosidase activity in vitro and lowers postprandial blood glucose response in humans,10.1016/j.hnm.2022.200164,exclude,exclude,exclude,Other reason not meeting eligibility criteria
912,Scopus,Divya K.P.,2024,SIRT6 in Regulation of Mitochondrial Damage and Associated Cardiac Dysfunctions: A Possible Therapeutic Target for CVDs,10.1007/s12012-024-09858-1,exclude,exclude,exclude,Review or non-original article
913,Scopus,Sagar N.A.,2026,Bioactive potential of Java plum processing residues: Valorization strategies and health-promoting applications,10.1016/j.afres.2026.102036,exclude,exclude,exclude,Review or non-original article
914,Scopus,do Nascimento A.C.,2026,"Integrated metagenomic and metabolomic profiling in an in vitro colonic fermentation study to assess the impacts of conventional, unconventional, and whole edible beet (Beta vulgaris L.) parts on the composition and metabolic responses of the intestinal microbiota of hypertensive individuals",10.1016/j.jnutbio.2026.110316,exclude,exclude,exclude,Animal or in vitro study
915,Scopus,Peethambaran H.,2025,MOLECULAR DOCKING STUDIES OF NEW ANTIHYPERTENSIVE DRUG BASED ON DELPHINIDIN-3-SAMBUBIOSIDE ANALOGS USING ANGIOTENSIN I–CONVERTING ENZYME AS THE TARGET,10.22159/ajpcr.2025v18i6.54657,exclude,exclude,exclude,Other reason not meeting eligibility criteria
916,Scopus,Moss S.L.,2023,The Effects of an Acute Dose of New Zealand Blackcurrant Extract on 5-km Running Performance,10.1123/ijsnem.2023-0029,exclude,exclude,exclude,Other reason not meeting eligibility criteria
917,Scopus,Kishan H.,2024,Amelioration of Type 2 Diabetes Mellitus by Plant-derived Natural Dipeptidyl Peptidase-4 Inhibitors through Incretin Degradation Lowering Effect: An Updated Review,10.2174/1573408019666230912123312,exclude,exclude,exclude,Review or non-original article
918,Scopus,Johari L.N.,2026,Anthocyanin metabolism and vasorelaxant activity in cardiovascular related diseases: A systematic literature review,10.28916/lsmb.10.1.2026.240,include,include,include,
919,Scopus,Cheung B.,2023,Lipid-Lowering Nutraceuticals for an Integrative Approach to Dyslipidemia,10.3390/jcm12103414,exclude,exclude,exclude,Review or non-original article
920,Scopus,El-Hashash S.A.,2022,Prevention of Hepatorenal Insufficiency Associated with Lead Exposure by Hibiscus sabdariffa L. Beverages Using In Vivo Assay,10.1155/2022/7990129,exclude,exclude,exclude,Animal or in vitro study
921,Scopus,Simanjuntak Y.,2026,Dietary phytochemicals as multitarget strategies against metabolic syndrome: Mechanistic basis and translational outlook,10.1016/j.focha.2026.101226,exclude,exclude,exclude,Review or non-original article
922,Scopus,Zhou W.,2024,A case report of autosomal recessive polycystic kidney disease with noncompaction of ventricular myocardium: coincidence or different manifestations of ciliopathy?,10.1186/s12882-024-03642-7,exclude,exclude,exclude,Review or non-original article
923,Scopus,Nambooze J.,2026,"Exploring the phytochemical composition, ethnomedicinal uses, and therapeutic potential of Prunus species: a comprehensive review",10.1007/s00210-026-05267-z,exclude,exclude,exclude,Review or non-original article
924,Scopus,Mohd Suhaili N.I.,2022,"Ethnomedicine, phytochemistry, and bioactivities of Hibiscus sabdariffa L. (Malvaceae)",10.34172/jhp.2022.52,exclude,exclude,exclude,Review or non-original article
925,Scopus,Menaker Y.,2024,Stratification of Atherosclerosis based on Plasma Metabolic States,10.1210/clinem/dgad672,exclude,exclude,exclude,Other reason not meeting eligibility criteria
926,Scopus,Bih R.A.,2023,South African Medicinal Plants Used in the Treatment of Human Bacterial Infections: An updated Review,10.13005/bpj/2771,exclude,exclude,exclude,Review or non-original article
927,Scopus,Wu X.,2022,Activation of Nrf2 signaling: A key molecular mechanism of protection against cardiovascular diseases by natural products,10.3389/fphar.2022.1057918,exclude,exclude,exclude,Review or non-original article
928,Scopus,Kurnia D.,2024,A Review of Tannin Compounds in Avocado as Antioxidants,10.26538/tjnpr/v8i10.1,exclude,exclude,exclude,Review or non-original article
929,Scopus,Park S.,2024,Interplay between polygenic variants related immune response and lifestyle factors mitigate the chances of stroke in a genome-wide association study,10.1017/s0007114524000394,exclude,exclude,exclude,Other reason not meeting eligibility criteria
930,Scopus,Ahmadi A.,2022,Polyphenols and atherosclerosis: A critical review of clinical effects on LDL oxidation,10.1016/j.phrs.2022.106414,exclude,exclude,exclude,Review or non-original article
931,Scopus,Bhandare S.D.,2024,Examination of Hibiscus sabdariffa’s bioactive arsenal: pharmacological prospects and comprehensive insights into catalysing health and wellness through its therapeutic attributes—an exposition,10.1093/jpp/rgad125,exclude,exclude,exclude,Review or non-original article
932,Scopus,Cherik R. Sangma H.,2023,Health benefits of black rice (Zizania aqatica) - a review,10.1016/j.matpr.2021.07.257,exclude,exclude,exclude,Review or non-original article
933,Scopus,Islam S.,2026,Bioactive Caffeoylquinic Acid Derivatives from Sweet Potato (Ipomoea batatas L.) Leaves: A Comprehensive Review,10.2174/0115734013375846250905073018,exclude,exclude,exclude,Review or non-original article
934,Scopus,Dwibedi V.,2022,Inhibitory activities of grape bioactive compounds against enzymes linked with human diseases,10.1007/s00253-022-11801-9,exclude,exclude,exclude,Animal or in vitro study
935,Scopus,Golubnitschaja O.,2024,Mini-encyclopedia of mitochondria-relevant nutraceuticals protecting health in primary and secondary care—clinically relevant 3PM innovation,10.1007/s13167-024-00358-4,exclude,exclude,exclude,Review or non-original article
936,Scopus,Chrysikopoulou V.,2026,"Beneficial Synergistic Roles of Flavonoids and Vitamin C Against Inflammatory Complications, Cancer, and Cardiovascular Diseases: A Comprehensive Review",10.3390/app16041838,exclude,exclude,exclude,Review or non-original article
937,Scopus,Tatoli R.,2026,Dietary Anthocyanin Intake and Risk of Metabolic Dysfunction-Associated Steatotic Liver Disease: Results from the NUTRIHEP Study,10.3390/antiox15070802,exclude,exclude,exclude,Other reason not meeting eligibility criteria
938,Scopus,Verma A.,2024,A Review of Modern and Traditional Approaches for the Management of Pulmonary Hypertension,10.2174/2215083810666230712091733,exclude,exclude,exclude,Review or non-original article
939,Scopus,Li J.,2024,Effect of Dietary Flavonoids on Circadian Syndrome: A Population-Based Cross-Sectional Study,10.1089/met.2023.0245,exclude,exclude,exclude,Other reason not meeting eligibility criteria
940,Scopus,Hedayati N.,2023,Impact of polyphenols on heart failure and cardiac hypertrophy: clinical effects and molecular mechanisms,10.3389/fcvm.2023.1174816,exclude,exclude,exclude,Review or non-original article
941,Scopus,Cheok A.,2026,Flavonoids,10.1016/j.advnut.2026.100611,exclude,exclude,exclude,Review or non-original article
942,Scopus,Borda M.G.,2026,Anthocyanin supplementation in adults at risk for dementia: a randomized controlled trial on its cardiometabolic and anti-inflammatory biomarker effects,10.1007/s11357-025-01669-8,exclude,exclude,exclude,Other reason not meeting eligibility criteria
943,Scopus,Le Sayec M.,2022,The effects of Aronia berry (poly)phenol supplementation on arterial function and the gut microbiome in middle aged men and women: Results from a randomized controlled trial,10.1016/j.clnu.2022.08.024,include,include,include,
944,Scopus,Carnauba R.A.,2025,"Associations Between Polyphenol Intake, Cardiometabolic Risk Factors and Metabolic Syndrome in the Brazilian Longitudinal Study of Adult Health (ELSA-Brasil)",10.1016/j.tjnut.2024.11.016,exclude,exclude,exclude,Observational design
945,Scopus,Maturana-Pérez L.R.,2024,Identification of proinflammatory pathways and promising bioactive polyphenols for the treatment of sickle cell anemia by in silico study and network pharmacology,10.1016/j.imu.2024.101534,exclude,exclude,exclude,Animal or in vitro study
946,Scopus,Jia X.,2024,Relationship Between Dietary Inflammatory Index and Carotid Artery Calcification in Patients with Ischemic Stroke,10.2147/jir.s479965,exclude,exclude,exclude,Other reason not meeting eligibility criteria
947,Scopus,Patil S.B.,2023,Pharmacological Activities of Gongura (Roselle) Leaf: Recent Advances,10.18311/jnr/2023/29281,exclude,exclude,exclude,Review or non-original article
948,Scopus,Talebi M.,2023,The Protective Role of Grape Seed in Obesity and Lipid Profile: An Updated Narrative Overview of Preclinical and Clinical Studies,10.2174/1871530322666220630091859,exclude,exclude,exclude,Review or non-original article
949,Scopus,Dyda M.,2024,Is the treatment of glaucoma limited to topical drops only?,10.31373/ejtcm/196849,exclude,exclude,exclude,Review or non-original article
950,Scopus,Yanru L.,2025,Recent Nutraceutical Interventions for Hypertension: A Comprehensive Review of Randomized Clinical Evidence,10.1007/s13668-025-00681-w,exclude,exclude,exclude,Review or non-original article
951,Scopus,Wang C.,2025,Associations of the Intake of Individual and Multiple Flavonoids with Metabolic Dysfunction Associated Steatotic Liver Disease in the United States,10.3390/nu17020205,exclude,exclude,exclude,Other reason not meeting eligibility criteria
952,Scopus,Ndolo V.,2022,Phytochemicals in commonly consumed foods in malawian diets,10.31989/ffhd.v12i10.976,exclude,exclude,exclude,Review or non-original article
953,Scopus,Chda A.,2023,Flavonoids as G Protein-coupled Receptors Ligands: New Potential Therapeutic Natural Drugs,10.2174/0113894501268871231127105219,exclude,exclude,exclude,Review or non-original article
954,Scopus,Mohan K.R.,2026,"Bioactive Compounds in Mulberry: Their Implications in Health, Disease Prevention, and Food Processing",10.2174/0115734013382435251128035052,exclude,exclude,exclude,Review or non-original article
955,Scopus,Jiang C.,2024,Evaluating the relationship between dietary flavonoids intake and constipation incidence in the general US population,10.1186/s12876-024-03551-x,exclude,exclude,exclude,Other reason not meeting eligibility criteria
956,Scopus,Grewal J.,2023,Current Perspective and Mechanistic Insights on Bioactive Plant Secondary Metabolites for the Prevention and Treatment of Cardiovascular Diseases,10.2174/011871529x262371231009132426,exclude,exclude,exclude,Review or non-original article
957,Scopus,Sesso H.D.,2024,"Intake of Blueberries, Anthocyanins, and Risk of Eye Disease in Women",10.1016/j.tjnut.2024.02.028,exclude,exclude,exclude,Other reason not meeting eligibility criteria
958,Scopus,Ranasinghe R.,2023,Cytoprotective remedies for ameliorating nephrotoxicity induced by renal oxidative stress,10.1016/j.lfs.2023.121466,exclude,exclude,exclude,Review or non-original article
959,Scopus,Li H.,2023,Research Progress of Flavonoids Regulating Endothelial Function,10.3390/ph16091201,exclude,exclude,exclude,Review or non-original article
960,Scopus,Ishak S.F.,2022,Sensorial and physicochemical characterisation of snack bar with gum arabic (Acacia seyal) addition,10.26656/fr.2017.6(2).141,exclude,exclude,exclude,Review or non-original article
961,Scopus,Gontova T.,2024,Phytochemical Analysis of Anthocyanins Extracted from the Flowers of Two Dahlia Cultivars and their Cytotoxic Properties,10.13005/bpj/2900,exclude,exclude,exclude,Review or non-original article
962,Scopus,Huang L.,2024,The role of IL-17 family cytokines in cardiac fibrosis,10.3389/fcvm.2024.1470362,exclude,exclude,exclude,Review or non-original article
963,Scopus,Rasania N.,2024,A comprehensive review on the anti-diabetic properties of various flavonoids,10.1007/s13596-023-00725-y,exclude,exclude,exclude,Review or non-original article
964,Scopus,Wang C.,2022,Natural phytochemicals prevent side effects in BRCA-mutated ovarian cancer and PARP inhibitor treatment,10.3389/fphar.2022.1078303,exclude,exclude,exclude,Review or non-original article
965,Scopus,Adel Mehraban M.S.,2021,Targeting dyslipidemia by herbal medicines: A systematic review of meta-analyses,10.1016/j.jep.2021.114407,exclude,exclude,exclude,Other reason not meeting eligibility criteria
966,Scopus,Nikiforova E.B.,2022,CURRENT STATE OF RESEARCH IN THE FIELD OF CHEMICAL COMPOSITION AND PHARMACOLOGICAL EFFECTS OF ZEA MAYDIS STYLI CUM STIGMATIS; [СОВРЕМЕННОЕ СОСТОЯНИЕ ИССЛЕДОВАНИЙ В ОБЛАСТИ ХИМИЧЕСКОГО СОСТАВА И ФАРМАКОЛОГИЧЕСКОГО ДЕЙСТВИЯ КУКУРУЗЫ СТОЛБИКОВ С РЫЛЬЦАМИ (ОБЗОР ЛИТЕРАТУРЫ)],10.19163/2307-9266-2022-10-1-4-18,exclude,exclude,exclude,Review or non-original article
967,Scopus,Ke S.,2024,Remodeling of white adipose tissue microenvironment against obesity by phytochemicals,10.1002/ptr.7758,exclude,exclude,exclude,Review or non-original article
968,Scopus,Pollicino F.,2023,Mediterranean diet and mitochondria: New findings,10.1016/j.exger.2023.112165,exclude,exclude,exclude,Review or non-original article
969,Scopus,Yang B.,2022,New insight into the management of renal excretion and hyperuricemia: Potential therapeutic strategies with natural bioactive compounds,10.3389/fphar.2022.1026246,exclude,exclude,exclude,Review or non-original article
970,Scopus,Thilagavathi R.,2023,Recent insights into the hepatoprotective potential of medicinal plants and plant-derived compounds,10.1002/ptr.7821,exclude,exclude,exclude,Review or non-original article
971,Scopus,Jalili F.,2024,The effects of citrus flavonoids supplementation on endothelial function: A systematic review and dose–response meta-analysis of randomized clinical trials,10.1002/ptr.8190,include,include,include,
972,Scopus,Andishmand H.,2025,"Pharmacodynamics, pharmacokinetics, and cell signaling pathways of pomegranate peel extract",10.1007/s11101-025-10076-y,exclude,exclude,exclude,Review or non-original article
973,Scopus,Kocabas S.,2024,The power of berries against cardiovascular diseases,10.1093/nutrit/nuad111,exclude,exclude,exclude,Review or non-original article
974,Scopus,Yan X.,2022,"Current advances on the phytochemical composition, pharmacologic effects, toxicology, and product development of Phyllanthi Fructus",10.3389/fphar.2022.1017268,exclude,exclude,exclude,Review or non-original article
975,Scopus,Phukan B.C.,2023,Therapeutic considerations of bioactive compounds in Alzheimer's disease and Parkinson's disease: Dissecting the molecular pathways,10.1002/ptr.8012,exclude,exclude,exclude,Review or non-original article
976,Scopus,Kim H.Y.,2023,A Review of the Biological Properties of Purple Corn (Zea mays L.),10.3390/scipharm91010006,exclude,exclude,exclude,Review or non-original article
977,Scopus,Umar A.H.,2025,"Unveiling the Pharmacological Mechanism of Cosmos Caudatus Compounds as Lung Cancer Drug Candidates: Pharmacology Networking, Molecular Docking, and Experimental Validation",10.1007/s12247-025-09989-0,exclude,exclude,exclude,Animal or in vitro study
978,Scopus,Cao Y.,2021,The antihypertensive potential of flavonoids from Chinese Herbal Medicine: A review,10.1016/j.phrs.2021.105919,exclude,exclude,exclude,Review or non-original article
979,Scopus,Mendoza-Sarmiento D.,2023,Effect of Pigmented Rice Consumption on Cardiometabolic Risk Factors: A Systematic Review of Randomized Controlled Trials,10.1007/s13668-023-00496-7,include,include,include,
980,Scopus,Djibril Moussa M.I.,2023,Developments in research on the nutritional health-promoting properties of three traditional leafy vegetables commonly consumed in sub-Saharan Africa,10.1016/j.hermed.2023.100668,exclude,exclude,exclude,Review or non-original article
981,Scopus,Bardinet J.,2022,Patterns of polyphenol intake and risk of depressive symptomatology in a population-based cohort of older adults,10.1016/j.clnu.2022.10.006,exclude,exclude,exclude,Other reason not meeting eligibility criteria
982,Scopus,Li J.,2025,Effects of natural products on macrophage immunometabolism: A new frontier in the treatment of metabolic diseases,10.1016/j.phrs.2025.107634,exclude,exclude,exclude,Review or non-original article
983,Scopus,Basnett D.,2023,A review on medicinal values and pharmacological importance of Moraceae,10.14719/pst.2385,exclude,exclude,exclude,Review or non-original article
984,Scopus,Liu J.,2024,Lycium ruthenicum water extract preserves retinal ganglion cells in chronic ocular hypertension mouse models,10.3389/fphar.2024.1404119,exclude,exclude,exclude,Animal or in vitro study
985,Scopus,Huynh D.T.M.,2024,Investigation of acute and sub-chronic oral toxicity and effects of Allium ascalonicum L. extract on Triton WR1339-induced hyperlipidemia on Swiss albino mice,10.1016/j.prmcm.2024.100407,exclude,exclude,exclude,Animal or in vitro study
986,Scopus,Fan Y.,2024,"Traditional uses, phytochemistry, pharmacology, toxicity and clinical application of traditional Chinese medicine Cynoglossum amabile: a review",10.3389/fphar.2024.1325283,exclude,exclude,exclude,Review or non-original article
987,Scopus,Amorim R.,2025,Chemical Characterization and Differential Lipid-Modulating Effects of Selected Plant Extracts from Côa Valley (Portugal) in a Cell Model for Liver Steatosis,10.3390/ph18010039,exclude,exclude,exclude,Animal or in vitro study
988,Scopus,Chatzispyrellis S.,2025,Polyphenol Intake and Risk of Dementia and Cognitive Decline in Older Adults: Principal Component Analysis Approach,10.1016/j.tjnut.2025.05.047,exclude,exclude,exclude,Other reason not meeting eligibility criteria
989,Scopus,Bahena-Román M.,2022,Low abundance of Akkermansia muciniphila and low consumption of polyphenols associated with metabolic disorders in child population,10.1016/j.hnm.2022.200167,exclude,exclude,exclude,Observational design
990,Scopus,Trebesova H.,2023,Anxiety and Metabolic Disorders: The Role of Botanicals,10.3390/cimb45020068,exclude,exclude,exclude,Review or non-original article
991,Scopus,Avendano E.E.,2026,Dietary intakes of anthocyanins and cardiometabolic health: a systematic review and meta-analysis of randomized trials and prospective cohort studies in healthy participants,10.1016/j.ajcnut.2026.101304,include,include,include,
992,Scopus,Teparak C.,2025,Diabetes Therapeutics of Prebiotic Soluble Dietary Fibre and Antioxidant Anthocyanin Supplement in Patients with Type 2 Diabetes: Randomised Placebo-Controlled Clinical Trial,10.3390/nu17071098,include,include,include,
993,Scopus,Eshraghi R.,2024,Circular RNAs: a small piece in the heart failure puzzle,10.1007/s10142-024-01386-z,exclude,exclude,exclude,Review or non-original article
994,Scopus,Grijalva-Guiza R.E.,2023,Analysis of Beneficial Effects of Flavonoids in Patients with Atherosclerosis Risk on Blood Pressure or Cholesterol during Random Controlled Trials: A Systematic Review and Meta-Analysis,10.3390/scipharm91040055,exclude,exclude,exclude,Other reason not meeting eligibility criteria
995,Scopus,Yadav R.K.,2025,"LC-MS analysis and antioxidant, antibacterial, and antidiabetic activity of Jumli Marshi rice from Nepal: An in vitro and in silico investigation to validate their potential as a functional food",10.1371/journal.pone.0319338,exclude,exclude,exclude,Animal or in vitro study
996,Scopus,Tang S.,2024,"Armeniacae semen amarum: a review on its botany, phytochemistry, pharmacology, clinical application, toxicology and pharmacokinetics",10.3389/fphar.2024.1290888,exclude,exclude,exclude,Review or non-original article
997,Scopus,Parmenter B.H.,2023,Higher Habitual Dietary Intakes of Flavanols and Anthocyanins Differentially Associate with Lower Incidence of Ischemic Stroke Subtypes—A Follow-Up Analysis,10.1016/j.tjnut.2023.09.011,include,include,include,
998,Scopus,Zhang X.,2025,The inverse relationship between dietary anthocyanidins consumption and frailty: Findings from the National Health and Nutrition Examination Survey,10.1371/journal.pone.0328489,exclude,exclude,exclude,Other reason not meeting eligibility criteria
999,Scopus,Subramaniyan V.,2025,Role of pancreatic lipase inhibition in obesity treatment: mechanisms and challenges towards current insights and future directions: Physiology and Biochemistry,10.1038/s41366-025-01729-1,exclude,exclude,exclude,Review or non-original article
1000,Scopus,Ahmad P.,2024,Targeting SARS-CoV-2 main protease (Mpro) and human ACE-2: A virtual screening of carotenoids and polyphenols from tomato (Solanum lycopersicum L.) to combat Covid-19,10.1016/j.ipha.2023.10.008,exclude,exclude,exclude,Animal or in vitro study
1001,Scopus,Lai C.,2026,A Comprehensive Review on the Pharmacological Activities and Biosynthetic Strategies of Protocatechuic Acid,10.3390/life16071206,exclude,exclude,exclude,Review or non-original article
1002,Scopus,Hou Y.,2025,"Association between dietary intake of flavonoids and perimenopausal depression, and the mediating role of high-density lipoprotein cholesterol: Evidence from NHANES 2005-2018",10.1016/j.jad.2025.03.137,exclude,exclude,exclude,Other reason not meeting eligibility criteria
1003,Scopus,Gao V.,2026,Diet Quality Attenuates the Association Between Flavonoid Intake and Hepatic Steatosis Risk in the Framingham Heart Study,10.1017/s0007114526106825,exclude,exclude,exclude,Other reason not meeting eligibility criteria
1004,Scopus,Majhi S.,2023,"A Review on Autism Spectrum Disorder: Pathogenesis, Biomarkers, Pharmacological and Non-Pharmacological Interventions",10.2174/1871527321666220428134802,exclude,exclude,exclude,Review or non-original article
1005,Scopus,Vaneková Z.,2022,Bilberries: Curative and Miraculous – A Review on Bioactive Constituents and Clinical Research,10.3389/fphar.2022.909914,exclude,exclude,exclude,Review or non-original article
1006,Scopus,Borna F.,2025,Evaluation of the efficiency of osmotic methods and the use of pretreatment in the extraction of active and antioxidant compounds from hibiscus tea and comparison with other methods,10.22034/fsct.22.161.244,exclude,exclude,exclude,Review or non-original article
1007,Scopus,Bayes J.,2023,The effect of polyphenols in post stroke adults: A systematic review of randomised controlled trials,10.1016/j.clnesp.2023.01.013,exclude,exclude,exclude,Other reason not meeting eligibility criteria
1008,Scopus,Dhakar S.,2023,Exploring the Therapeutic Potential of Allium sativum: Recent Advances and Applications,10.25258/ijpqa.14.4.70,exclude,exclude,exclude,Review or non-original article
1009,Scopus,Chen Y.,2022,Rhodiola rosea: A Therapeutic Candidate on Cardiovascular Diseases,10.1155/2022/1348795,exclude,exclude,exclude,Review or non-original article
1010,Scopus,Abazari M.,2024,The Role of the most Important Fruits in the Prevention and Treatment of Cardiovascular Diseases in Persian Traditional Medicine,10.2174/2215083810666230602163727,exclude,exclude,exclude,Review or non-original article
1011,Scopus,Zhang J.-J.,2024,Therapeutic potential of natural flavonoids in pulmonary arterial hypertension: A review,10.1016/j.phymed.2024.155535,exclude,exclude,exclude,Review or non-original article
1012,Scopus,Anushya S.,2022,"Pharmacological, phytochemical screening and evaluation of in vitro anticancer potential of traditional medicinal plant Morinda umbellata L. leaf extracts on human breast carcinoma MCF – 7 cell line",10.25303/1712rjbt1110117,exclude,exclude,exclude,Animal or in vitro study
1013,Scopus,Sumaira S.,2024,Plant bioactive compounds driven microRNAs (miRNAs): A potential source and novel strategy targeting gene and cancer therapeutics,10.1016/j.ncrna.2024.06.003,exclude,exclude,exclude,Review or non-original article
1014,Scopus,Nosal B.M.,2024,Blackcurrant Anthocyanins Attenuate Estrogen -Deficiency-Induced Bone Loss through Modulating Microbial-Derived Short-Chain Carboxylic Acids and Phytoestrogen Metabolites in Peri- and Early Postmenopausal Women,10.3390/metabo14100541,exclude,exclude,exclude,Other reason not meeting eligibility criteria
1015,Scopus,Amos A.,2022,Mechanisms of Action of Nutritionally Rich Hibiscus sabdariffa's Therapeutic Uses in Major Common Chronic Diseases: A Literature Review,10.1080/07315724.2020.1848662,exclude,exclude,exclude,Review or non-original article
1016,Scopus,Ahammed G.J.,2022,Hormonal regulation of health-promoting compounds in tea (Camellia sinensis L.),10.1016/j.plaphy.2022.06.021,exclude,exclude,exclude,Review or non-original article
1017,Scopus,Krupa-Nurcek S.,2025,Impact of Nutritional Status on Survival and Development of Hodgkin’s Lymphoma: A Scoping Review,10.3390/nu17233777,exclude,exclude,exclude,Review or non-original article
1018,Scopus,Pérez-García A.,2022,Posttranscriptional Regulation of Insulin Resistance Implications for Metabolic Diseases,10.3390/biom12020208,exclude,exclude,exclude,Review or non-original article
1019,Scopus,Omer M.,2026,Therapeutic Potentials of Phytochemicals in the Treatment of Ulcerative Colitis: Results from Animal Model Interventional Studies,10.1080/27697061.2025.2532078,exclude,exclude,exclude,Review or non-original article
1020,Scopus,Martini D.,2023,"Blueberries and their bioactives in the modulation of oxidative stress, inflammation and cardio/vascular function markers: a systematic review of human intervention studies",10.1016/j.jnutbio.2022.109154,include,include,include,
1021,Scopus,Kacholi D.S.,2026,Ethnomedicinal Practices of the Fabaceae Family in Tanzania: A Systematic Review,10.1155/tswj/6918847,exclude,exclude,exclude,Review or non-original article
1022,Scopus,Wang L.,2024,The Association Between Inflammatory Dietary Pattern and Risk of Cognitive Impairment Among Older Adults with Chronic Diseases and Its Multimorbidity: A Cross-Sectional Study,10.2147/cia.s474907,exclude,exclude,exclude,Other reason not meeting eligibility criteria
1023,Scopus,Rakha A.,2022,Anti-inflammatory and anti-allergic potential of dietary flavonoids: A review,10.1016/j.biopha.2022.113945,exclude,exclude,exclude,Review or non-original article
1024,Scopus,Maity S.,2022,Dietary polyphenols for management of rheumatoid arthritis: Pharmacotherapy and novel delivery systems,10.1002/ptr.7444,exclude,exclude,exclude,Review or non-original article
1025,Scopus,Lino D.L.,2022,Positive effects of thermosonication in Jamun fruit dairy dessert processing,10.1016/j.ultsonch.2022.106040,exclude,exclude,exclude,Review or non-original article
1026,Scopus,Singh A.,2022,Multiple Cancer Combating by Natural Bioactives: A Review,10.2174/1573394718666220820114240,exclude,exclude,exclude,Review or non-original article
1027,Scopus,Gorjian H.,2023,Myrtle: a versatile medicinal plant,10.1186/s41110-023-00194-y,exclude,exclude,exclude,Review or non-original article
1028,Scopus,Moldovan D.,2024,Food to Prevent Vascular Calcification in Chronic Kidney Disease,10.3390/nu16050617,exclude,exclude,exclude,Review or non-original article
1029,Scopus,Matrisciano F.,2023,Functional Nutrition as Integrated Intervention for In-and Outpatient with Schizophrenia,10.2174/1570159x21666230322160259,exclude,exclude,exclude,Review or non-original article
1030,Scopus,Wang Y.,2023,Dietary Inflammatory Index and Cardiometabolic Risk in Ecuadorian School-Age Children,10.1080/27697061.2022.2113177,exclude,exclude,exclude,Other reason not meeting eligibility criteria
1031,Scopus,Yan Z.,2025,"Recent Advances on the Chemical Composition, Pharmacological Properties, and Product Development of Morus alba",10.1002/pca.3544,exclude,exclude,exclude,Review or non-original article
1032,Scopus,Sudheer S.,2022,Shaping the gut microbiota by bioactive phytochemicals: An emerging approach for the prevention and treatment of human diseases,10.1016/j.biochi.2021.10.010,exclude,exclude,exclude,Review or non-original article
1033,Scopus,Ghodrat S.,2025,Association between flavonoid intake and arterial stiffness: PERSIAN cohort study,10.22038/ajp.2025.25958,include,include,include,
1034,Scopus,Osakabe N.,2024,Sensory Nutrition and Bitterness and Astringency of Polyphenols,10.3390/biom14020234,exclude,exclude,exclude,Review or non-original article
1035,Scopus,Manzoor A.,2023,"Rice bran: Nutritional, phytochemical, and pharmacological profile and its contribution to human health promotion",10.1016/j.focha.2023.100296,exclude,exclude,exclude,Review or non-original article
1036,Scopus,Ulug E.,2023,A New Approach to Polycystic Ovary Syndrome and Related Cardio-metabolic Risk Factors: Dietary Polyphenols,10.1007/s13668-023-00488-7,exclude,exclude,exclude,Review or non-original article
1037,Scopus,Ayyanna C.,2024,An Overview of Pharmacological Activities and Beneficial Effects of 3-Hydroxyflavone,10.1002/masy.202300078,exclude,exclude,exclude,Review or non-original article
1038,Scopus,de Luna Freire M.O.,2024,Limosilactobacillus fermentum Strains as Novel Probiotic Candidates to Promote Host Health Benefits and Development of Biotherapeutics: A Comprehensive Review,10.1007/s12602-024-10235-1,exclude,exclude,exclude,Review or non-original article
1039,Scopus,Minné D.,2023,"The effects of tea polyphenols on emotional homeostasis: Understanding dementia risk through stress, mood, attention & sleep",10.1016/j.clnesp.2023.06.008,exclude,exclude,exclude,Review or non-original article
1040,Scopus,Ding M.,2026,Natural products in treatment and management of sepsis-induced coagulopathy: Pharmacological basis and mechanisms,10.1016/j.phymed.2025.157754,exclude,exclude,exclude,Review or non-original article
1041,Scopus,Khan A.,2025,The Gut Health Revolution: Herbs and Dietary Phytochemicals in Balancing Gut Microbiota for Optimal Human Health,10.2174/0113892010313921240923125946,exclude,exclude,exclude,Review or non-original article
1042,Scopus,Harahap U.,2024,Current insights and future perspectives of flavonoids: A promising antihypertensive approach,10.1002/ptr.8199,exclude,exclude,exclude,Review or non-original article
1043,Scopus,Jennings A.,2021,Increased habitual flavonoid intake predicts attenuation of cognitive ageing in twins,10.1186/s12916-021-02057-7,exclude,exclude,exclude,Other reason not meeting eligibility criteria
1044,Scopus,Patel K.,2022,The Potential Therapeutic Properties of Prunetin against Human Health Complications: A Review of Medicinal Importance and Pharmacological Activities,10.2174/2949681015666220912104743,exclude,exclude,exclude,Review or non-original article
1045,Scopus,Toderescu C.D.,2026,Dietary Polyphenols as Modulators of Bifidobacterium in the Human Gut Microbiota,10.3390/nu18050782,exclude,exclude,exclude,Review or non-original article
1046,Scopus,Quek Y.Y.,2024,"Effectiveness of anthocyanin-rich foods on bone remodeling biomarkers of middle-aged and older adults at risk of osteoporosis: a systematic review, meta-analysis, and meta-regression",10.1093/nutrit/nuad121,exclude,exclude,exclude,Other reason not meeting eligibility criteria
1047,Scopus,Attique S.,2024,Evaluation of Antimicrobial and Antioxidant Potential of Oxalis corymbosa Extracts,10.1002/cbdv.202400883,exclude,exclude,exclude,Animal or in vitro study
1048,Scopus,Kocsis A.E.,2025,Much More than Nutrients: The Protective Effects of Nutraceuticals on the Blood–Brain Barrier in Diseases,10.3390/nu17050766,exclude,exclude,exclude,Review or non-original article
1049,Scopus,Batista A.G.,2025,"Jaboticaba peel intake improved cognitive performance, inflammatory response, and appetite regulation in healthy adults: a randomized clinical crossover trial",10.1016/j.foodres.2025.117390,include,include,include,
1050,Scopus,Amtaghri S.,2024,Moroccan Antihypertensive Plants and their Mechanisms of Action,10.2174/0118715303272284231126145853,exclude,exclude,exclude,Review or non-original article
1051,Scopus,Pérez de la Lastra J.M.,2022,Nitration of Flavonoids and Tocopherols as Potential Modulators of Nitrosative Stress—A Study Based on Their Conformational Structures and Energy Content,10.3390/stresses2020015,exclude,exclude,exclude,Animal or in vitro study
1052,Scopus,Emamat H.,2022,The effect of barberry (Berberis integerrima) on lipid profile and systemic inflammation in subjects with cardiovascular risk factors: a randomized controlled trial,10.1186/s12906-022-03539-8,include,include,include,
1053,Scopus,Chen J.-Y.,2022,"Perspectives of herbs and their natural compounds, and herb formulas on treating diverse diseases through regulating complicated JAK/STAT signaling",10.3389/fphar.2022.993862,exclude,exclude,exclude,Review or non-original article
1054,Scopus,Lanuza F.,2025,"Effect of plant-based foods and (poly)phenol supplementation on gut-microbiota metabolism in participants with overweight or obesity and cardiometabolic risk: a study protocol for a single-blind, parallel and randomised controlled trial",10.1136/bmjopen-2025-105461,exclude,exclude,exclude,"Protocol, abstract or other non-report"
1055,Scopus,Ariyanto E.F.,2023,Mechanism of action of Indonesian medicinal plants in inhibiting 3T3-L1 adipocyte differentiation: A review,10.7324/japs.2023.6711,exclude,exclude,exclude,Review or non-original article
1056,Scopus,Ubom R.E.,2022,Anti-Hypertensive Effects of Anthocyanins from Hibiscus sabdariffa Calyx on the Renin-Angiotensin-Aldosterone System in Wistar Rats,10.54548/njps.v37i1.14,exclude,exclude,exclude,Animal or in vitro study
1057,Scopus,Jeelani P.G.,2023,The therapeutic potential of chia seeds as medicinal food: a review,10.1186/s41110-023-00224-9,exclude,exclude,exclude,Review or non-original article
1058,Scopus,Nandhini V.M.,2026,"Phytochemical Profiling and Cardiometabolic Potential of Cocos nucifera Bee Pollen: Antioxidant Insights from FTIR, LC-MS and GC-MS Analyses",10.5530/ctbp.2026.1.6,exclude,exclude,exclude,Review or non-original article
1059,Scopus,Wilken M.R.,2022,Effects of Anthocyanin-rich Berries on the Risk of Metabolic Syndrome: A Systematic Review and Meta-analysis,10.1900/rds.2022.18.42,include,include,include,
1060,Scopus,Kour G.,2022,Phytochemicals targeting JAK/STAT pathway in the treatment of rheumatoid arthritis: Is there a future?,10.1016/j.bcp.2022.114929,exclude,exclude,exclude,Review or non-original article
1061,Scopus,Masheta D.Q.,2023,ANTI-INFLAMMATORY ACTIVITY OF ANTHOCYANIN EXTRACT ON DIABETIC AND HYPERTENSIVE PATIENTS,10.15587/2519-4852.2023.272061,exclude,exclude,exclude,Other reason not meeting eligibility criteria
1062,Scopus,Iñiguez M.,2026,Exploring the associations between lifestyle and dietary patterns with preclinical alzheimer’s disease: findings from La Rioja cohort study,10.1007/s00394-026-04011-w,exclude,exclude,exclude,Other reason not meeting eligibility criteria
1063,Scopus,Olas B.,2024,New light on changes in the number and function of blood platelets stimulated by cocoa and its products,10.3389/fphar.2024.1366076,exclude,exclude,exclude,Review or non-original article
1064,Scopus,Spînu S.,2022,"SHORT REVIEW ON BIOACTIVE COMPOUNDS RECOVERED FROM VEGETAL WASTE AS A NEW TOOL IN DIABETES, OBESITY AND DYSLIPIDAEMIA PREVENTION AND TREATMENT",10.31925/farmacia.2022.6.4,exclude,exclude,exclude,Review or non-original article
1065,Scopus,Agrawal P.,2023,An updated review of Ziziphus jujube: Major focus on its phytochemicals and pharmacological properties,10.1016/j.prmcm.2023.100297,exclude,exclude,exclude,Review or non-original article
1066,Scopus,Bondonno N.P.,2024,Associations Between Flavonoid Intake and Subclinical Atherosclerosis: The Multi-Ethnic Study of Atherosclerosis,10.1161/atvbaha.124.321106,include,include,include,
1067,Scopus,Alizadeh A.,2024,Flavonoids against depression: a comprehensive review of literature,10.3389/fphar.2024.1411168,exclude,exclude,exclude,Review or non-original article
1068,Scopus,Ward K.,2026,Role of natural products in cardiovascular diseases,10.1016/j.hsr.2026.100259,exclude,exclude,exclude,Review or non-original article
1069,Scopus,Mendes I.,2025,Effect of Polyphenol Supplementation on Adiposity: A Systematic Review of Randomized Clinical Trials,10.1007/s13668-025-00626-3,exclude,exclude,exclude,Other reason not meeting eligibility criteria
1070,Scopus,El S.N.,2026,Bioactivity properties of fermented beverage made from various fruits after in vitro gastrointestinal digestion; [Çeşitli meyvelerden yapılan fermente içeceğin in vitro gastrointestinal sindirim sonrası biyoaktivite özellikleri],10.20289/zfdergi.1749195,exclude,exclude,exclude,Animal or in vitro study
1071,Scopus,Anand A.,2026,Healing the heart naturally: The role of bioactive phytocompounds in cardiovascular therapeutics,10.1016/j.phymed.2026.158084,exclude,exclude,exclude,Review or non-original article
1072,Scopus,Das M.,2023,"Black rice: A comprehensive review on its bioactive compounds, potential health benefits and food applications",10.1016/j.focha.2023.100462,exclude,exclude,exclude,Review or non-original article
1073,Scopus,Alrashdi Y.B.A.,2023,Review on Phytochemicals and Pharmacological Activities of Syzygium aromaticum,10.52547/iem.8.4.87,exclude,exclude,exclude,Review or non-original article
1074,Scopus,Slamet S.,2023,Effect of Rosella (Hibiscus sabdariffa. L) Consumption on Total Cholesterol Levels,10.26538/tjnpr/v7i6.4,exclude,exclude,exclude,Other reason not meeting eligibility criteria
1075,Scopus,Situmorang P.C.,2025,Molecular mechanism of phytochemical compounds in mitigating hypertension,10.1016/j.phyplu.2025.100812,exclude,exclude,exclude,Review or non-original article
1076,Scopus,Gao R.,2024,"The effect of tart cherry juice compared to a sports drink on cycling exercise performance, substrate metabolism, and recovery",10.1371/journal.pone.0307263,exclude,exclude,exclude,Other reason not meeting eligibility criteria
1077,Scopus,Li X.,2024,Dietary anthocyanin is associated with a lower prevalence of hyperuricemia independently of metabolic syndrome among females: Results from NHANES 2007–2010 and 2017–2018,10.1111/1756-185x.15193,exclude,exclude,exclude,Observational design
1078,Scopus,Leite L.B.,2025,Blueberry Extract and Resistance Training Prevent Left Ventricular Redox Dysregulation and Pathological Remodeling in Experimental Severe Pulmonary Arterial Hypertension,10.3390/nu17071145,exclude,exclude,exclude,Animal or in vitro study
1079,Scopus,Kundarti F.I.,2024,Can Hibiscus Sabdariffa Decrease Blood Pressure in Menopausal Women with Hypertension?,10.2174/0118749445297069240516091530,exclude,include,include,Other reason not meeting eligibility criteria
1080,Scopus,Edo G.I.,2023,Proximate composition and health benefit of Roselle leaf (Hibiscus sabdariffa). Insight on food and health benefits,10.1016/j.focha.2023.100437,exclude,exclude,exclude,Review or non-original article
1081,Scopus,Siam N.H.,2025,"Ethnomedicinal Uses, Phytochemistry, Pharmacological Activity, Therapeutic Potentials, and Functional Foods of Coccinia grandis (L.) Voigt: An Updated Review",10.31083/fbe38572,exclude,exclude,exclude,Review or non-original article
1082,Scopus,Noor U.,2024,Bioactivity and Therapeutic Applications of Punica granatum L. Peel: Evidence and Prospects,10.2174/1573401319666230727104835,exclude,exclude,exclude,Review or non-original article
1083,Scopus,El-Nashar H.A.S.,2022,The genus Schinus (Anacardiaceae): a review on phytochemicals and biological aspects,10.1080/14786419.2021.2012772,exclude,exclude,exclude,Review or non-original article
1084,Scopus,Duan H.,2023,Attenuating lipid metabolism in atherosclerosis: The potential role of Anti-oxidative effects on low-density lipoprotein of herbal medicines,10.3389/fphar.2023.1161657,exclude,exclude,exclude,Review or non-original article
1085,Scopus,Somaratne G.M.,2025,Unveiling the health benefits of Roselle calyx extracts: Functional compounds and their role in non-communicable diseases,10.1016/j.prenap.2025.100407,exclude,exclude,exclude,Review or non-original article
1086,Scopus,Qi X.,2025,Machine learning and SHAP value interpretation for predicting comorbidity of cardiovascular disease and cancer with dietary antioxidants,10.1016/j.redox.2024.103470,exclude,exclude,exclude,Other reason not meeting eligibility criteria
1087,Scopus,Dhara J.,2025,"Star Fruit (Averrhoea Carambola): Exploring its Nutritional Value, Health Benefits, and Consideration for Potential Risk and Future Application in Biotechnology and Medicine",10.1007/s40495-024-00387-7,exclude,exclude,exclude,Review or non-original article
1088,Scopus,Mishra S.,2025,Multiple system biology approaches reveals the role of the hsa-miR-21 in increasing risk of neurological disorders in patients suffering from hypertension,10.1038/s41371-025-01027-3,exclude,exclude,exclude,Review or non-original article
1089,Scopus,Tu L.,2025,Targeted drug delivery systems for atherosclerosis,10.1186/s12951-025-03384-0,exclude,exclude,exclude,Review or non-original article
1090,Scopus,Bissacco D.,2025,Red vine leaf extract in managing venous disease: a practical narrative review and clinical recommendations,10.23736/s1593-232x.24.00644-1,exclude,exclude,exclude,Review or non-original article
1091,Scopus,Yang K.,2024,"A Comprehensive Research Review of Herbal Textual Research, Phytochemistry, Pharmacology, Traditional Uses, Clinical Application, Safety Evaluation, and Quality Control of Trollius chinensis Bunge",10.3390/ph17060800,exclude,exclude,exclude,Review or non-original article
1092,Scopus,Hupalowski N.N.,2025,Impact of nutrient intake on bone mineral density and bone quality in patients with acromegaly,10.1016/j.clnesp.2025.03.035,exclude,exclude,exclude,Other reason not meeting eligibility criteria
1093,Scopus,Lymperis P.,2022,"Traditional uses, phytochemistry, and pharmacology of elegia species: A review",10.3390/scipharm90010004,exclude,exclude,exclude,Review or non-original article
1094,Scopus,Maroy A.N.,2023,Ekebergia benguelensis Welw. ex C.DC. (Meliaceae): Biology and ethnopharmacological properties,10.5958/0975-6892.2023.00006.0,exclude,exclude,exclude,Review or non-original article
1095,Scopus,Mhalhel K.,2023,Zebrafish: A Model Deciphering the Impact of Flavonoids on Neurodegenerative Disorders,10.3390/cells12020252,exclude,exclude,exclude,Review or non-original article
1096,Scopus,An P.,2022,Micronutrient Supplementation to Reduce Cardiovascular Risk,10.1016/j.jacc.2022.09.048,exclude,exclude,exclude,Other reason not meeting eligibility criteria
1097,Scopus,Li J.,2024,Association Between Dietary Flavonoid Intake and Cardiovascular Health in Cancer Survivors: A Cross-Sectional Study,10.2147/jmdh.s482310,exclude,exclude,exclude,Observational design
1098,Scopus,Batiha G.E.-S.,2023,Morus alba: a comprehensive phytochemical and pharmacological review,10.1007/s00210-023-02434-4,exclude,exclude,exclude,Review or non-original article
1099,Scopus,Dehkhoda B.,2024,Roselle (Hibiscus sabdariffa L.) extract as an adjunct to valsartan in patients with mild chronic kidney disease: A double-blind randomized controlled clinical trial,10.22038/ajp.2024.23871,include,include,include,
1100,Scopus,Sánchez-Martínez L.,2021,A systematic review of the cardiometabolic benefits of plant products containing mixed phenolics and polyphenols in postmenopausal women: Insufficient evidence for recommendations to this specific population,10.3390/nu13124276,include,include,include,
1101,Scopus,Mustafa A.M.,2022,"Polyphenols, Saponins and Phytosterols in Lentils and Their Health Benefits: An Overview",10.3390/ph15101225,exclude,exclude,exclude,Review or non-original article
1102,Scopus,Zhou Y.,2023,The associations between dietary flavonoid intake and the prevalence of diabetes mellitus: Data from the National Health and Nutrition Examination Survey 2007-2010 and 2017-2018,10.3389/fendo.2023.1250410,exclude,exclude,exclude,Observational design
1103,Scopus,He Y.,2025,Associations of flavonoid intakes with metabolic dysfunction-associated steatotic liver disease in US adults,10.1371/journal.pone.0322797,exclude,exclude,exclude,Other reason not meeting eligibility criteria
1104,Scopus,Lee A.,2024,Upcycling fruit waste into microalgae biotechnology: Perspective views and way forward,10.1016/j.fochms.2024.100203,exclude,exclude,exclude,Review or non-original article
1105,Scopus,Xu X.,2023,Dietary Intake of Anthocyanidins and Renal Cancer Risk: A Prospective Study,10.3390/cancers15051406,exclude,exclude,exclude,Other reason not meeting eligibility criteria
1106,Scopus,Khodaie S.-A.,2021,Management of a diabetic foot ulcer with a Myrtle (M. communis) gel based on Persian medicine: A case report,10.1016/j.aimed.2020.08.008,exclude,exclude,exclude,Review or non-original article
1107,Scopus,Wu F.,2025,Individual flavonoids intake and its association with hypertension in US adults: A population-based cross-sectional study,10.1097/md.0000000000045553,include,include,include,
1108,Scopus,Jiang L.,2025,"The genus Quercus: metabolites, biological activity and mechanisms of action",10.1007/s11101-024-09935-x,exclude,exclude,exclude,Review or non-original article
1109,Scopus,Yu L.,2026,"Remission of impaired glucose tolerance by anthocyanin supplementation: a randomized, double-blind, and placebo-controlled trial",10.1016/j.ajcnut.2026.101210,include,include,include,
1110,Scopus,Kenmeni J.F.,2024,Exploring Medicinal Plants for Antimicrobial Activity and Synergistic Effects with Doxycycline Against Bacterial Species,10.1155/2024/6238852,exclude,exclude,exclude,Animal or in vitro study
1111,Scopus,Sapian S.,2022,The Role of Anthocyanin in Modulating Diabetic Cardiovascular Disease and Its Potential to Be Developed as a Nutraceutical,10.3390/ph15111344,exclude,exclude,exclude,Review or non-original article
1112,Scopus,Sahu R.,2024,Modulation of the c-JNK/p38-MAPK signaling pathway: Investigating the therapeutic potential of natural products in hypertension,10.1016/j.phyplu.2024.100564,exclude,exclude,exclude,Review or non-original article
1113,Scopus,Chandra S.,2022,Nutraceuticals: Pharmacologically Active Potent Dietary Supplements,10.1155/2022/2051017,exclude,exclude,exclude,Review or non-original article
1114,Scopus,García-Cordero J.,2022,Neurocognitive effects of cocoa and red-berries consumption in healthy adults,10.3390/nu14010001,exclude,exclude,exclude,Other reason not meeting eligibility criteria
1115,Scopus,Požgajová M.,2022,Curative Potential of Substances with Bioactive Properties to Alleviate Cd Toxicity: A Review,10.3390/ijerph191912380,exclude,exclude,exclude,Review or non-original article
1116,Scopus,Rendine M.,2026,"Short-Term Effect of a Wild Blueberry (Vaccinium angustifolium) Drink on Vascular Reactivity and Circulating Adhesion Molecules in Healthy Adults: A Double-Blind, Randomized, Placebo-Controlled, Crossover Trial",10.3390/nu18142376,include,include,include,
1117,Scopus,Mishra A.,2022,Flavonoids and stilbenoids as a promising arsenal for the management of chronic arsenic toxicity,10.1016/j.etap.2022.103970,exclude,exclude,exclude,Review or non-original article
1118,Scopus,Pratiwi U.,2021,Quantitative Phytochemical Analysis and Determination of Anti-Cholesterol Activity of Sungkai (Paronema canescens Jack.) Leaf Extracts,10.26538/tjnpr/v5i10.16,exclude,exclude,exclude,Animal or in vitro study
1119,Scopus,Zhang Y.,2022,The Effect of Anthocyanins from Dioscorea alata L. on Antioxidant Properties of Perinatal Hainan Black Goats and Its Possible Mechanism in the Mammary Gland,10.3390/ani12233320,exclude,exclude,exclude,Animal or in vitro study
1120,Scopus,Balatif R.,2024,Recent Literature Review: The Effects of Tea Consumption on Hypertension; [Tinjauan Literatur Terkini: Peranan Konsumsi Teh terhadap Penyakit Hipertensi],10.20473/amnt.v8i3.2024.468-479,exclude,exclude,exclude,Review or non-original article
1121,Scopus,Proença I.,2024,Right Ventricular Function and Oxidative Stress Improve with the Administration of Thyroid Hormones and Grape Juice in a Pulmonary Hypertension Model; [Função do Ventrículo Direito e Estresse Oxidativo Melhoram com a Administração de Hormônios da Tireoide e Suco de Uva em um Modelo de Hipertensão Pulmonar],10.36660/abc.20230602i,exclude,exclude,exclude,Animal or in vitro study
1122,Scopus,Ekom S.E.,2022,Methanol extract from the seeds of Persea americana displays antibacterial and wound healing activities in rat model,10.1016/j.jep.2021.114573,exclude,exclude,exclude,Animal or in vitro study
1123,Scopus,Liu P.,2023,Protective effect of natural products in the metabolic-associated kidney diseases via regulating mitochondrial dysfunction,10.3389/fphar.2022.1093397,exclude,exclude,exclude,Review or non-original article
1124,Scopus,da Fonseca Cardoso L.M.,2021,Beverages Rich in Resveratrol and Physical Activity Attenuate Metabolic Changes Induced by High-Fat Diet,10.1080/07315724.2020.1805374,exclude,exclude,exclude,Animal or in vitro study
1125,Scopus,Zhou Y.,2016,Alcoholic beverage consumption and chronic diseases,10.3390/ijerph13060522,exclude,exclude,exclude,Review or non-original article
1126,Scopus,Nogal A.,2021,The role of short-chain fatty acids in the interplay between gut microbiota and diet in cardio-metabolic health,10.1080/19490976.2021.1897212,exclude,exclude,exclude,Review or non-original article
1127,Scopus,Parvaiz M.,2013,A review: Therapeutic significance of olive olea europaea l. (oleaceae family),10.5829/idosi.gjp.2013.7.3.1111,exclude,exclude,exclude,Review or non-original article
1128,Scopus,Ma T.,2016,In vitro and in vivo biological activities of anthocyanins from Nitraria tangutorun Bobr. fruits,10.1016/j.foodchem.2015.07.110,exclude,exclude,exclude,Animal or in vitro study
1129,Scopus,Chang X.,2020,Natural Drugs as a Treatment Strategy for Cardiovascular Disease through the Regulation of Oxidative Stress,10.1155/2020/5430407,exclude,exclude,exclude,Review or non-original article
1130,Scopus,Da-Costa-Rocha I.,2014,Hibiscus sabdariffa L. - A phytochemical and pharmacological review,10.1016/j.foodchem.2014.05.002,exclude,exclude,exclude,Review or non-original article
1131,Scopus,Jiao X.,2021,Study on the Mechanism of Prunella Vulgaris L on Diabetes Mellitus Complicated with Hypertension Based on Network Pharmacology and Molecular Docking Analyses,10.1155/2021/9949302,exclude,exclude,exclude,Animal or in vitro study
1132,Scopus,Orhan I.E.,2015,Flavonoids and dementia: An update,10.2174/0929867322666141212122352,exclude,exclude,exclude,Review or non-original article
1133,Scopus,Andriantsitohaina R.,2012,Molecular mechanisms of the cardiovascular protective effects of polyphenols,10.1017/s0007114512003406,exclude,exclude,exclude,Review or non-original article
1134,Scopus,Martin M.Á.,2021,Impact of cocoa flavanols on human health,10.1016/j.fct.2021.112121,exclude,exclude,exclude,Review or non-original article
1135,Scopus,Mason S.A.,2020,Antioxidant supplements and endurance exercise: Current evidence and mechanistic insights,10.1016/j.redox.2020.101471,exclude,exclude,exclude,Review or non-original article
1136,Scopus,Akhlaghi M.,2018,"Flavanols are potential anti-obesity agents, a systematic review and meta-analysis of controlled clinical trials",10.1016/j.numecd.2018.04.001,exclude,exclude,exclude,Other reason not meeting eligibility criteria
1137,Scopus,Palozi R.A.C.,2019,Pharmacological safety of Plinia cauliflora (Mart.) Kausel in rabbits,10.1016/j.toxrep.2019.06.017,exclude,exclude,exclude,Animal or in vitro study
1138,Scopus,Dagher O.,2021,Therapeutic Potential of Quercetin to Alleviate Endothelial Dysfunction in Age-Related Cardiovascular Diseases,10.3389/fcvm.2021.658400,exclude,exclude,exclude,Review or non-original article
1139,Scopus,Staszowska-Karkut M.,2020,"Phenolic composition, mineral content, and beneficial bioactivities of leaf extracts from black currant (Ribes nigrum l.), raspberry (rubus idaeus), and aronia (aronia melanocarpa)",10.3390/nu12020463,exclude,exclude,exclude,Review or non-original article
1140,Scopus,Oktaviono Y.H.,2019,Preliminary study: Purple sweet potato extract seems to be superior to increase the migration of impaired endothelial progenitor cells compared to l-ascorbic acid,10.3390/scipharm87030016,exclude,exclude,exclude,Animal or in vitro study
1141,Scopus,Rubattu S.,2015,Protective effects of Brassica oleracea sprouts extract toward renal damage in high-salt-fed SHRSP: Role of AMPK/PPARa/UCP2 axis,10.1097/hjh.0000000000000562,exclude,exclude,exclude,Animal or in vitro study
1142,Scopus,Russo B.,2019,Flavonoids and insulin-resistance: from molecular evidences to clinical trials,10.3390/ijms20092061,exclude,exclude,exclude,Review or non-original article
1143,Scopus,Brain K.,2019,The effect of a pilot dietary intervention on pain outcomes in patients attending a tertiary pain service,10.3390/nu11010181,exclude,exclude,exclude,Other reason not meeting eligibility criteria
1144,Scopus,Yousefi M.,2021,Insights to potential antihypertensive activity of berry fruits,10.1002/ptr.6877,exclude,exclude,exclude,Review or non-original article
1145,Scopus,Keane K.M.,2016,Effects of Montmorency tart cherry (Prunus Cerasus L.) consumption on vascular function in men with early hypertension,10.3945/ajcn.115.123869,include,include,include,
1146,Scopus,Jurcau A.,2021,The role of natural antioxidants in the prevention of dementia—where do we stand and future perspectives,10.3390/nu13020282,exclude,exclude,exclude,Review or non-original article
1147,Scopus,Kim J.H.,2013,"Aronia melanocarpa juice, a rich source of polyphenols, induces endothelium-dependent relaxations in porcine coronary arteries via the redox-sensitive activation of endothelial nitric oxide synthase",10.1016/j.niox.2013.08.002,exclude,exclude,exclude,Animal or in vitro study
1148,Scopus,Ivey K.L.,2019,Role of dietary flavonoid compounds in driving patterns of microbial community assembly,10.1128/mbio.01205-19,exclude,exclude,exclude,Other reason not meeting eligibility criteria
1149,Scopus,Djuv A.,2013,The co-use of conventional drugs and herbs among patients in Norwegian general practice: A cross-sectional study,10.1186/1472-6882-13-295,exclude,exclude,exclude,Observational design
1150,Scopus,Kim K.J.,2021,Acai berry extract as a regulator of intestinal inflammation pathways in a Caco-2 and RAW 264.7 co-culture model,10.1111/jfbc.13848,exclude,exclude,exclude,Animal or in vitro study
1151,Scopus,Ndzie Noah M.L.,2021,"Sex–Gender Disparities in Cardiovascular Diseases: The Effects of Estrogen on eNOS, Lipid Profile, and NFATs During Catecholamine Stress",10.3389/fcvm.2021.639946,exclude,exclude,exclude,Review or non-original article
1152,Scopus,Telichowska A.,2020,Phytopharmacological possibilities of bird cherry prunus padus l. And prunus serotina l. species and their bioactive phytochemicals,10.3390/nu12071966,exclude,exclude,exclude,Review or non-original article
1153,Scopus,Giglio R.V.,2018,Polyphenols: Potential use in the prevention and treatment of cardiovascular diseases,10.2174/1381612824666180130112652,exclude,exclude,exclude,Review or non-original article
1154,Scopus,Reis J.F.,2016,Action mechanism and cardiovascular effect of anthocyanins: A systematic review of animal and human studies,10.1186/s12967-016-1076-5,include,include,include,
1155,Scopus,Ruiz-López M.A.,2019,Nutritional and bioactive compounds in mexican lupin beans species: A mini-review,10.3390/nu11081785,exclude,exclude,exclude,Review or non-original article
1156,Scopus,Zuraini N.Z.A.,2021,Promising nutritional fruits against cardiovascular diseases: An overview of experimental evidence and understanding their mechanisms of action,10.2147/vhrm.s328096,exclude,exclude,exclude,Review or non-original article
1157,Scopus,Barbour J.A.,2014,Nut consumption for vascular health and cognitive function,10.1017/s0954422414000079,exclude,exclude,exclude,Review or non-original article
1158,Scopus,Gheller A.C.G.V.,2017,Antimutagenic Effect of Hibiscus sabdariffa L. Aqueous Extract on Rats Treated with Monosodium Glutamate,10.1155/2017/9392532,exclude,exclude,exclude,Animal or in vitro study
1159,Scopus,Sahebkar A.,2016,Lipid-modifying effects of nutraceuticals: An evidence-based approach,10.1016/j.nut.2016.04.007,exclude,exclude,exclude,Review or non-original article
1160,Scopus,Gencoglu H.,2017,Phytochemical therapies in vascular functioning: A molecular approach,10.2174/1570161115666170105122616,exclude,exclude,exclude,Review or non-original article
1161,Scopus,Strygina K.V.,2020,Synthesis of Flavonoid Pigments in Grain of Representatives of Poaceae: General Patterns and Exceptions in N.I. Vavilov’s Homologous Series,10.1134/s1022795420110095,exclude,exclude,exclude,Review or non-original article
1162,Scopus,Shukla R.K.,2020,"Review on traditional uses, biological activities, phytoconstituents of bombax ceiba linn.",10.5958/0974-360x.2020.00978.6,exclude,exclude,exclude,Review or non-original article
1163,Scopus,Pounis G.,2016,"Polyphenol intake is associated with low-grade inflammation, using a novel data analysis from the Moli-sani study",10.1160/th15-06-0487,exclude,exclude,exclude,Observational design
1164,Scopus,Huang W.-Y.,2018,Malvidin and its glycosides from vaccinium ashei improve endothelial function by anti-inflammatory and angiotensin I-converting enzyme inhibitory effects,10.1177/1934578x1801300115,exclude,exclude,exclude,Animal or in vitro study
1165,Scopus,Marranzano M.,2018,Polyphenols: Plant sources and food industry applications,10.2174/1381612824666181106091303,exclude,exclude,exclude,Review or non-original article
1166,Scopus,Witkowska A.M.,2015,Comparison of various databases for estimation of dietary polyphenol intake in the population of polish adults,10.3390/nu7115464,exclude,exclude,exclude,Other reason not meeting eligibility criteria
1167,Scopus,Herranz-López M.,2017,Multi-targeted molecular effects of Hibiscus sabdariffa polyphenols: An opportunity for a global approach to obesity,10.3390/nu9080907,exclude,exclude,exclude,Review or non-original article
1168,Scopus,Ellwood L.,2018,Effectiveness of flavonoid rich fruits for hypertension in adults: A systematic review protocol,10.11124/jbisrir-2017-003804,exclude,exclude,exclude,"Protocol, abstract or other non-report"
1169,Scopus,Stote K.S.,2020,"Effect of blueberry consumption on cardiometabolic health parameters in men with type 2 diabetes: An 8-week, double-blind, randomized, placebo-controlled trial",10.1093/cdn/nzaa030,include,include,include,
1170,Scopus,Wu X.,2018,Prevention of Atherosclerosis by Berries: The Case of Blueberries,10.1021/acs.jafc.8b03201,exclude,exclude,exclude,Review or non-original article
1171,Scopus,Rodrigues E.L.,2019,Nutraceutical and medicinal potential of the Morus species in metabolic dysfunctions,10.3390/ijms20020301,exclude,exclude,exclude,Review or non-original article
1172,Scopus,Zheng J.,2021,An update on the health benefits promoted by edible flowers and involved mechanisms,10.1016/j.foodchem.2020.127940,exclude,exclude,exclude,Review or non-original article
1173,Scopus,Khan F.,2014,Lowering of oxidative stress improves endothelial function in healthy subjects with habitually low intake of fruit and vegetables: A randomized controlled trial of antioxidant- and polyphenol-rich blackcurrant juice,10.1016/j.freeradbiomed.2014.04.006,include,include,include,
1174,Scopus,Direito R.,2021,"Phenolic compounds impact on rheumatoid arthritis, inflammatory bowel disease and microbiota modulation",10.3390/pharmaceutics13020145,exclude,exclude,exclude,Review or non-original article
1175,Scopus,Kardum N.,2015,Beneficial Effects of Polyphenol-Rich Chokeberry Juice Consumption on Blood Pressure Level and Lipid Status in Hypertensive Subjects,10.1089/jmf.2014.0171,include,include,include,
1176,Scopus,Laouali N.,2020,"Profiles of polyphenol intake and type 2 diabetes risk in 60,586 women followed for 20 years: Results from the e3n cohort study",10.3390/nu12071934,exclude,exclude,exclude,Other reason not meeting eligibility criteria
1177,Scopus,Garcia C.,2021,Antioxidant properties of anthocyanins and their mechanism of action in atherosclerosis,10.1016/j.freeradbiomed.2021.05.040,exclude,exclude,exclude,Review or non-original article
1178,Scopus,Sowka A.,2021,Role of perivascular adipose tissue-derived adiponectin in vascular homeostasis,10.3390/cells10061485,exclude,exclude,exclude,Review or non-original article
1179,Scopus,Aboonabi A.,2020,Anthocyanins reduce inflammation and improve glucose and lipid metabolism associated with inhibiting nuclear factor-kappaB activation and increasing PPAR-γ gene expression in metabolic syndrome subjects,10.1016/j.freeradbiomed.2020.02.004,include,include,include,
1180,Scopus,Hossain M.K.,2016,Molecular mechanisms of the anti-obesity and anti-diabetic properties of flavonoids,10.3390/ijms17040569,exclude,exclude,exclude,Review or non-original article
1181,Scopus,Saleh M.S.M.,2021,"Genus parkia: Phytochemical, medicinal uses, and pharmacological properties",10.3390/ijms22020618,exclude,exclude,exclude,Review or non-original article
1182,Scopus,Basson A.R.,2021,Regulation of Intestinal Inflammation by Dietary Fats,10.3389/fimmu.2020.604989,exclude,exclude,exclude,Review or non-original article
1183,Scopus,Putta S.,2020,Protective effect of tylophora indica against streptozotocin induced pancreatic and liver dysfunction in wistar rats,10.13005/bpj/2050,exclude,exclude,exclude,Animal or in vitro study
1184,Scopus,Cicero A.F.G.,2017,Lipid lowering nutraceuticals in clinical practice: Position paper from an International Lipid Expert Panel,10.5114/aoms.2017.69326,exclude,exclude,exclude,Review or non-original article
1185,Scopus,Torres D.,2018,Impact of osmodehydrated andean berry (Vaccinium merdionale Swartz) on overweight adults; [Impacto del consumo de agraz (Vaccinium merdionale Swartz) osmodeshidratado en adultos con sobrepeso],10.17533/udea.vitae.v25n3a04,include,include,include,
1186,Scopus,Walton R.J.,2016,The efficacy of Hibiscus sabdariffa (rosella) in essential hypertension: A systematic review of clinical trials,,exclude,exclude,exclude,Review or non-original article
1187,Scopus,Habanova M.,2016,Intake of bilberries (Vaccinium myrtillus L.) reduced risk factors for cardiovascular disease by inducing favorable changes in lipoprotein profiles,10.1016/j.nutres.2016.11.010,include,include,include,
1188,Scopus,Santhakumar A.B.,2018,"Dietary polyphenols: Structures, bioavailability and protective effects against atherosclerosis",10.1016/j.fct.2018.01.022,exclude,exclude,exclude,Review or non-original article
1189,Scopus,Balaji M.,2016,A review on possible therapeutic targets to contain obesity: The role of phytochemicals,10.1016/j.orcp.2015.12.004,exclude,exclude,exclude,Review or non-original article
1190,Scopus,Zeng Y.,2020,Molecular Mechanism of Functional Ingredients in Barley to Combat Human Chronic Diseases,10.1155/2020/3836172,exclude,exclude,exclude,Review or non-original article
1191,Scopus,Shirsath N.R.,2020,Natural phytochemicals and their therapeutic role in management of several diseases: A review,10.2174/2215083805666190807111817,exclude,exclude,exclude,Review or non-original article
1192,Scopus,Maroyi A.,2020,"Gardenia ternifolia Schum. & Thonn. (rubiaceae): Review of medicinal uses, phytochemistry and biological activities",10.26452/ijrps.v11i4.3238,exclude,exclude,exclude,Review or non-original article
1193,Scopus,Patel S.,2014,Blueberry as functional food and dietary supplement: The natural way to ensure holistic health,10.3233/mnm-140013,exclude,exclude,exclude,Review or non-original article
1194,Scopus,Rubio-Ruiz M.E.,2013,Medicinal agents and metabolic syndrome,10.2174/0929867311320210002,exclude,exclude,exclude,Review or non-original article
1195,Scopus,Cessak G.,2014,"TNF inhibitors - Mechanisms of action, approved and off-label indications",10.1016/j.pharep.2014.05.004,exclude,exclude,exclude,Review or non-original article
1196,Scopus,Gentile D.,2021,Natural substances in the fight of sars-cov-2: A critical evaluation resulting from the cross-fertilization of molecular modeling data with the pharmacological aspects,10.2174/0929867328666210614114032,exclude,exclude,exclude,Review or non-original article
1197,Scopus,Hou D.,2019,"Mung bean (Vigna radiata L.): Bioactive polyphenols, polysaccharides, peptides, and health benefits",10.3390/nu11061238,exclude,exclude,exclude,Review or non-original article
1198,Scopus,Sodagari H.R.,2015,Dietary anthocyanins as a complementary medicinal approach for management of inflammatory bowel disease,10.1586/17474124.2015.1002086,exclude,exclude,exclude,Review or non-original article
1199,Scopus,Aquino A.M.,2021,Development and characterization of cassava starch films incorporated with purple yam (Dioscorea alata L.) peel anthocyanins,10.26656/fr.2017.5(1).327,exclude,exclude,exclude,Review or non-original article
1200,Scopus,Williamson G.,2017,The role of polyphenols in modern nutrition,10.1111/nbu.12278,exclude,exclude,exclude,Review or non-original article
1201,Scopus,Blade C.,2014,microRNAs as new targets of dietary polyphenols,10.2174/1389201015666140711113553,exclude,exclude,exclude,Review or non-original article
1202,Scopus,Khurana S.,2013,Oxidative stress and cardiovascular health: Therapeutic potential of polyphenols,10.1139/cjpp-2012-0252,exclude,exclude,exclude,Review or non-original article
1203,Scopus,Jia Q.,2019,Endocrine organs of cardiovascular diseases: Gut microbiota,10.1111/jcmm.14164,exclude,exclude,exclude,Review or non-original article
1204,Scopus,Obode O.C.,2020,A systematic review of medicinal plants used in nigeria for hypertension management,10.31838/ijpr/2020.12.04.142,exclude,exclude,exclude,Review or non-original article
1205,Scopus,Jakab J.,2021,Adipogenesis as a potential anti-obesity target: A review of pharmacological treatment and natural products,10.2147/dmso.s281186,exclude,exclude,exclude,Review or non-original article
1206,Scopus,Damiano S.,2019,A red orange and lemon by-products extract rich in anthocyanins inhibits the progression of diabetic nephropathy,10.1002/jcp.28893,exclude,exclude,exclude,Animal or in vitro study
1207,Scopus,Middha S.K.,2013,A Review on antihyperglycemic and antihepatoprotective activity of eco-friendly punica granatum peel waste,10.1155/2013/656172,exclude,exclude,exclude,Review or non-original article
1208,Scopus,Ahmed A.A.,2021,Cosmos caudatus: A possible drug candidate for oral squamous cell carcinoma,10.2174/1573407216999200911120311,exclude,exclude,exclude,Review or non-original article
1209,Scopus,Sultana S.,2017,Medicinal plants combating against hypertension: A green antihypertensive approach,,exclude,exclude,exclude,Review or non-original article
1210,Scopus,Migliaccio S.,2021,What is the best diet for cardiovascular wellness? A comparison of different nutritional models,10.1038/s41367-020-0018-0,exclude,exclude,exclude,Review or non-original article
1211,Scopus,Gahlawat I.N.,2019,Emerging new insights into significance and applications of Plant Pigments,,exclude,exclude,exclude,Review or non-original article
1212,Scopus,Gillespie S.,2013,Phytochemicals: Countering risk factors and pathological responses associated with ischaemia reperfusion injury,10.1016/j.pharmthera.2012.12.005,exclude,exclude,exclude,Review or non-original article
1213,Scopus,Gökçe A.F.,2012,Onion breeding program in Turkey,10.17660/actahortic.2012.969.9,exclude,exclude,exclude,Review or non-original article
1214,Scopus,Todorov D.,2014,Antiviral potential of Bulgarian medicinal plants,10.1007/s11101-014-9357-1,exclude,exclude,exclude,Review or non-original article
1215,Scopus,Luan F.,2019,"Ethnomedicinal uses, phytochemistry, pharmacology, and toxicology of species from the genus ajuga L.: A systematic review",10.1142/s0192415x19500502,exclude,exclude,exclude,Review or non-original article
1216,Scopus,Blahova J.,2021,Pharmaceutical drugs and natural therapeutic products for the treatment of type 2 diabetes mellitus,10.3390/ph14080806,exclude,exclude,exclude,Review or non-original article
1217,Scopus,Kianbakht S.,2019,"Antihypertensive efficacy and safety of Vaccinium arctostaphylos berry extract in overweight/obese hypertensive patients: A randomized, double-blind and placebo-controlled clinical trial",10.1016/j.ctim.2019.05.010,include,include,include,
1218,Scopus,Santana L.F.,2019,Nutraceutical potential of carica papaya in metabolic syndrome,10.3390/nu11071608,exclude,exclude,exclude,Review or non-original article
1219,Scopus,Figueredo K.C.,2018,Safety assessment of Morus nigra L. leaves: Acute and subacute oral toxicity studies in Wistar rats,10.1016/j.jep.2018.05.013,exclude,exclude,exclude,Animal or in vitro study
1220,Scopus,Willems M.E.T.,2014,Effect of New Zealand Sujon blackcurrant on resting cardiovascular function in triathletes,10.1186/1550-2783-11-s1-p3,exclude,include,include,Other reason not meeting eligibility criteria
1221,Scopus,Venkatalakshmi P.,2016,Role of phytochemicals as immunomodulatory agents: A review,,exclude,exclude,exclude,Review or non-original article
1222,Scopus,Kuntz S.,2016,Inhibition of low-grade inflammation by anthocyanins after microbial fermentation in vitro,10.3390/nu8070411,exclude,exclude,exclude,Animal or in vitro study
1223,Scopus,Testai L.,2017,Nutraceutical value of citrus flavanones and their implications in cardiovascular disease,10.3390/nu9050502,exclude,exclude,exclude,Review or non-original article
1224,Scopus,Hong H.T.,2020,Purple sweetcorn – something tasty and healthy?,10.17660/actahortic.2020.1292.52,exclude,exclude,exclude,Review or non-original article
1225,Scopus,Gupta L.,2021,Potential health benefits of fruits and vegetables: Epic inspite glycemia,,exclude,exclude,exclude,Review or non-original article
1226,Scopus,Khanavi M.,2013,Hyperoside and anthocyanin content of ten different pomegranate cultivars,10.3923/pjbs.2013.636.641,exclude,exclude,exclude,Review or non-original article
1227,Scopus,Wang S.,2021,Kiwifruit (Actinidia spp.): A review of chemical diversity and biological activities,10.1016/j.foodchem.2020.128469,exclude,exclude,exclude,Review or non-original article
1228,Scopus,Asgary S.,2014,"Clinical evaluation of blood pressure lowering, endothelial function improving, hypolipidemic and anti-inflammatory effects of pomegranate juice in hypertensive subjects",10.1002/ptr.4977,include,include,include,
1229,Scopus,Yuan P.,2021,Comparative metabolomic profiling of citrullus spp. Fruits provides evidence for metabolomic divergence during domestication,10.3390/metabo11020078,exclude,exclude,exclude,Review or non-original article
1230,Scopus,Sharifi-Rad J.,2020,"Diet, lifestyle and cardiovascular diseases: Linking pathophysiology to cardioprotective effects of natural bioactive compounds",10.3390/ijerph17072326,exclude,exclude,exclude,Review or non-original article
1231,Scopus,Cicero A.F.G.,2017,Lipid-lowering nutraceuticals in clinical practice: Position paper from an International Lipid Expert Panel,10.1093/nutrit/nux047,exclude,exclude,exclude,Review or non-original article
1232,Scopus,Nikbakht E.,2021,"Potential of anthocyanin as an anti-inflammatory agent: a human clinical trial on type 2 diabetic, diabetic at-risk and healthy adults",10.1007/s00011-021-01438-1,include,include,include,
1233,Scopus,Rodriguez-Mateos A.,2019,"Circulating Anthocyanin Metabolites Mediate Vascular Benefits of Blueberries: Insights from Randomized Controlled Trials, Metabolomics, and Nutrigenomics",10.1093/gerona/glz047,include,include,include,
1234,Scopus,Kheirollahi A.,2019,Pathophysiology and urinary system cancer: An overview of the most important herbal plants and natural antioxidants on kidney and bladder disorders,10.5958/0974-360x.2019.00161.6,exclude,exclude,exclude,Review or non-original article
1235,Scopus,Butt M.S.,2015,Persimmon (diospyros kaki) fruit: Hidden phytochemicals and health claims,10.17179/excli2015-159,exclude,exclude,exclude,Review or non-original article
1236,Scopus,Mizin V.I.,2018,Red wines countering the metabolic syndrome,10.15275/rusomj.2018.0414,exclude,exclude,exclude,Review or non-original article
1237,Scopus,Dahiya V.,2020,Lead anti-obesity compounds from nature,10.2174/1871530320666200504092012,exclude,exclude,exclude,Review or non-original article
1238,Scopus,Vučić V.,2019,Composition and potential health benefits of pomegranate: A review,10.2174/1381612825666190708183941,exclude,exclude,exclude,Review or non-original article
1239,Scopus,Adefegha S.A.,2017,"Comparison of the phenolic profile, inhibition of enzymes associated with type-2 diabetes and hypertension, and Fe2+-induced lipid peroxidation in rat’ pancreas by Plum and Hogweed leaves extracts",10.5958/2229-4473.2017.00158.6,exclude,exclude,exclude,Animal or in vitro study
1240,Scopus,Khurana S.,2013,Polyphenols: Benefits to the cardiovascular system in health and in aging,10.3390/nu5103779,exclude,exclude,exclude,Review or non-original article
1241,Scopus,Giampieri F.,2013,The potential impact of strawberry on human health,10.1080/14786419.2012.706294,exclude,exclude,exclude,Review or non-original article
1242,Scopus,Rodriguez-Mateos A.,2014,"Bioavailability, bioactivity and impact on health of dietary flavonoids and related compounds: an update",10.1007/s00204-014-1330-7,exclude,exclude,exclude,Review or non-original article
1243,Scopus,Domae C.,2020,Black soybean seed coat polyphenols promote nitric oxide production in the aorta through the Akt/eNOS pathway,10.31989/ffhd.v10i8.722,exclude,exclude,exclude,Animal or in vitro study
1244,Scopus,Yenrina R.,2017,"Cyanidin, malvidin and pelargonidin content of “kolang-kaling” jams made with juices from asian melastome (Melastoma malabathricum) fruit, java plum (Syzygium cumini) fruit rind or mangosteen (Garcinia mangostana) fruit rind",10.3923/pjn.2017.850.856,exclude,exclude,exclude,Review or non-original article
1245,Scopus,Willems M.E.T.,2018,"Effect of New Zealand blackcurrant extract on physiological responses at rest and during brisk walking in southeast asian men: A randomized, double-blind, placebo-controlled, crossover study",10.3390/nu10111732,include,include,include,
1246,Scopus,Escher G.B.,2018,"Chemical study, antioxidant, anti-hypertensive, and cytotoxic/cytoprotective activities of Centaurea cyanus L. petals aqueous extract",10.1016/j.fct.2018.05.046,exclude,exclude,exclude,Animal or in vitro study
1247,Scopus,Cheng S.-H.,2015,Potential medicinal benefits of Cosmos caudatus (Ulam Raja): A scoping review,10.4103/1735-1995.172796,exclude,exclude,exclude,Review or non-original article
1248,Scopus,Medina-Remón A.,2013,The effect of polyphenol consumption on blood pressure,10.2174/1389557511313080002,exclude,exclude,exclude,Review or non-original article
1249,Scopus,Dwyer J.T.,2013,"Tea and flavonoids: Where we are, where to go next1-5",10.3945/ajcn.113.059584,exclude,exclude,exclude,Review or non-original article
1250,Scopus,Mattera R.,2017,Effects of polyphenols on oxidative stress-mediated injury in cardiomyocytes,10.3390/nu9050523,exclude,exclude,exclude,Review or non-original article
1251,Scopus,Bujor A.,2020,"Chemical, antioxidant and in vitro permeation and penetration studies of extracts obtained from viburnum opulus and crataegus pentagyna",10.31925/farmacia.2020.4.12,exclude,exclude,exclude,Animal or in vitro study
1252,Scopus,Alhazmi H.A.,2021,Medicinal Plants and Isolated Molecules Demonstrating Immunomodulation Activity as Potential Alternative Therapies for Viral Diseases Including COVID-19,10.3389/fimmu.2021.637553,exclude,exclude,exclude,Review or non-original article
1253,Scopus,Akaberi M.,2016,Grapes (Vitis vinifera) as a Potential Candidate for the Therapy of the Metabolic Syndrome,10.1002/ptr.5570,exclude,exclude,exclude,Review or non-original article
1254,Scopus,Du Q.,2015,Pharmacology and phytochemistry of the Nitraria genus (Review),10.3892/mmr.2014.2677,exclude,exclude,exclude,Review or non-original article
1255,Scopus,Saghir S.A.M.,2013,Star fruit (Averrhoa carambola L.): From traditional uses to pharmacological activities; [Fruta de la estrella (averrhoa carambola L.): Desde los usos tradicionales a las actividades farmacológicas]],,exclude,exclude,exclude,Review or non-original article
1256,Scopus,Hashmi T.,2020,A review and update on the use of hibiscus sabdariffa (Karkadeh) in the treatment of essential hypertension,10.5114/fmpcr.2020.98253,exclude,exclude,exclude,Review or non-original article
1257,Scopus,Potì F.,2019,Polyphenol health effects on cardiovascular and neurodegenerative disorders: A review and meta-analysis,10.3390/ijms20020351,exclude,exclude,exclude,Review or non-original article
1258,Scopus,Qadir M.I.,2018,Potential role of medicinal plants for anti-atherosclerosis activity,10.3329/bjp.v13i1.33478,exclude,exclude,exclude,Review or non-original article
1259,Scopus,do Rosario V.A.,2021,Association between flavonoid intake and risk of hypertension in two cohorts of Australian women: a longitudinal study,10.1007/s00394-020-02424-9,include,include,include,
1260,Scopus,Balat A.,2013,From past to present: Traditional herbs used in the treatment of nephrologic diseases in southeast Turkey,10.5301/jn.5000346,exclude,exclude,exclude,Review or non-original article
1261,Scopus,Asgary S.,2013,Clinical investigation of the acute effects of pomegranate juice on blood pressure and endothelial function in hypertensive individuals,,include,include,include,
1262,Scopus,Navita Herawati E.R.,2020,"Protective effects of anthocyanin extract from purple sweet potato (ipomoea batatas l.) on blood mda levels, liver and renal activity, and blood pressure of hyperglycemic rats",10.3746/pnf.2020.25.4.375,exclude,exclude,exclude,Animal or in vitro study
1263,Scopus,Padmalayam I.,2013,Role of Adiponectin in the metabolic syndrome: Current perspectives on its modulation as a treatment strategy,10.2174/13816128113199990360,exclude,exclude,exclude,Review or non-original article
1264,Scopus,Bothiraj K.V.,2020,Green coffee bean seed and their role in antioxidant–a review,10.26452/ijrps.v11i1.1812,exclude,exclude,exclude,Review or non-original article
1265,Scopus,Upadhyay R.K.,2018,Plant pigments as dietary anticancer agents,,exclude,exclude,exclude,Review or non-original article
1266,Scopus,Kalona P.A.,2020,Studies on red rice bran and its health benefits of food application-A review,10.31838/ijpr/2020.sp2.007,exclude,exclude,exclude,Review or non-original article
1267,Scopus,Rohman A.,2020,"A review on phytochemical constituents, role on metabolic diseases, and toxicological assessments of underutilized part of Garcinia mangostana L. fruit",10.7324/japs.2020.10716,exclude,exclude,exclude,Review or non-original article
1268,Scopus,Del Bo C.,2019,Systematic Review on Polyphenol Intake and Health Outcomes: Is there Sufficient Evidence to Define a Health-Promoting Polyphenol-Rich Dietary Pattern?,10.3390/nu11061355,exclude,exclude,exclude,Review or non-original article
1269,Scopus,Wang X.,2020,Role of glucose transporters in drug membrane transport,10.2174/1389200221666200810125924,exclude,exclude,exclude,Review or non-original article
1270,Scopus,Jiang X.,2019,The target cells of anthocyanins in metabolic syndrome,10.1080/10408398.2018.1491022,exclude,exclude,exclude,Review or non-original article
1271,Scopus,Mallhi T.H.,2015,"Effect of fruit/vegetable-drug interactions on CYP450, OATP and p-glycoprotein: A systematic review",10.4314/tjpr.v14i10.27,exclude,exclude,exclude,Review or non-original article
1272,Scopus,Sorrenti V.,2021,Natural Compounds as Heme Oxygenase-1 Inducers to Reduce the Deleterious Consequences Following SARS-CoV-2 Infection,10.2174/2212796815666211011142101,exclude,exclude,exclude,Review or non-original article
1273,Scopus,Davinelli S.,2015,A Randomized Clinical Trial Evaluating the Efficacy of an Anthocyanin–Maqui Berry Extract (Delphinol®) on Oxidative Stress Biomarkers,10.1080/07315724.2015.1080108,include,include,include,
1274,Scopus,Bilanda D.C.,2020,Antihypertensive and antidiabetic activities of Erythrina senegalensis DC (Fabaceae) stem bark aqueous extract on diabetic hypertensive rats,10.1016/j.jep.2019.112200,exclude,exclude,exclude,Animal or in vitro study
1275,Scopus,Nagai T.,2014,"Characterization and functional properties of new everbearing strawberry (Fragaria x ananasa Duch.) cultivar, 'Summertiara' berries",10.31989/ffhd.v4i1.27,exclude,exclude,exclude,Review or non-original article
1276,Scopus,Mirabelli M.,2020,Mediterranean diet nutrients to turn the tide against insulin resistance and related diseases,10.3390/nu12041066,exclude,exclude,exclude,Review or non-original article
1277,Scopus,Santos C.N.,2018,Pure polyphenols applications for cardiac health and disease,10.2174/1381612824666180608102344,exclude,exclude,exclude,Review or non-original article
1278,Scopus,Tian Z.,2021,Dose-dependent effects of anthocyanin supplementation on platelet function in subjects with dyslipidemia: A randomized clinical trial,10.1016/j.ebiom.2021.103533,include,include,include,
1279,Scopus,Nazaire A.K.,2015,Antioxidant activity and acute toxicity of a recipe used in traditional medicine for the treatment of high blood pressure,,exclude,exclude,exclude,Animal or in vitro study
1280,Scopus,Toh J.Y.,2013,Flavonoids from fruit and vegetables: A focus on cardiovascular risk factors,10.1007/s11883-013-0368-y,exclude,exclude,exclude,Review or non-original article
1281,Scopus,Bagherniya M.,2021,Regulation of apolipoprotein b by natural products and nutraceuti-cals: A comprehensive review,10.2174/0929867327666200427092114,exclude,exclude,exclude,Review or non-original article
1282,Scopus,Rodriguez-Mateos A.,2013,"Intake and time dependence of blueberry flavonoid-induced improvements in vascular function: A randomized, controlled, double-blind, crossover intervention study with mechanistic insights into biological activity",10.3945/ajcn.113.066639,include,include,include,
1283,Scopus,Finkel M.L.,2013,Anthocyanin-Rich Purple Corn Extract and Its Effects on the Blood Pressure of Adults,10.1177/2156587213482942,include,include,include,
1284,Scopus,Kowalska G.,2021,Evaluation of glycerol usage for the extraction of anthocyanins from black chokeberry and elderberry fruits,10.1016/j.jarmap.2021.100296,exclude,exclude,exclude,Review or non-original article
1285,Scopus,Jagtap U.B.,2019,Exploring Phytochemicals of Ficus carica L. (Fig),10.1007/978-3-030-06120-3_19-1,exclude,exclude,exclude,Review or non-original article
1286,Scopus,López‐fernández‐sobrino R.,2021,"Blood pressure‐lowering effect of wine lees: Dose‐response study, effect of dealcoholization and possible mechanisms of action",10.3390/nu13041142,include,include,include,
1287,Scopus,Ullah R.,2019,Natural antioxidant anthocyanins—a hidden therapeutic candidate in metabolic disorders with major focus in neurodegeneration,10.3390/nu11061195,exclude,exclude,exclude,Review or non-original article
1288,Scopus,Mir S.A.,2019,Understanding the role of active components from plant sources in obesity management,10.1016/j.jssas.2017.04.003,exclude,exclude,exclude,Review or non-original article
1289,Scopus,Brader L.,2013,Polyphenol-rich bilberry ameliorates total cholesterol and LDL-cholesterol when implemented in the diet of Zucker diabetic fatty rats,10.1900/rds.2013.10.270,exclude,exclude,exclude,Animal or in vitro study
1290,Scopus,Radak D.,2019,The significance of pain in chronic venous disease and its medical treatment,10.2174/1570161116666180209111826,exclude,exclude,exclude,Review or non-original article
1291,Scopus,Reklou A.,2020,Effects of lipid lowering drugs on arterial stiffness: One more way to reduce cardiovascular risk?,10.2174/1570161117666190121102323,exclude,exclude,exclude,Review or non-original article
1292,Scopus,Cerletti C.,2015,Orange juice intake during a fatty meal consumption reduces the postprandial low-grade inflammatory response in healthy subjects,10.1016/j.thromres.2014.11.038,exclude,exclude,exclude,Other reason not meeting eligibility criteria
1293,Scopus,Xu Z.,2021,Anthocyanin supplementation at different doses improves cholesterol efflux capacity in subjects with dyslipidemia—a randomized controlled trial,10.1038/s41430-020-0609-4,include,include,include,
1294,Scopus,Ganesan K.,2017,A critical review on polyphenols and health benefits of black soybeans,10.3390/nu9050455,exclude,exclude,exclude,Review or non-original article
1295,Scopus,Chiva-Blanch G.,2017,Effects of Polyphenol Intake on Metabolic Syndrome: Current Evidences from Human Trials,10.1155/2017/5812401,exclude,exclude,exclude,Review or non-original article
1296,Scopus,Rangel-Huerta O.D.,2015,A systematic review of the efficacy of bioactive compounds in cardiovascular disease: Phenolic compounds,10.3390/nu7075177,exclude,exclude,exclude,Other reason not meeting eligibility criteria
1297,Scopus,Godos J.,2020,Specific dietary (Poly)phenols are associated with sleep quality in a cohort of Italian adults,10.3390/nu12051226,exclude,exclude,exclude,Other reason not meeting eligibility criteria
1298,Scopus,Pouyandeh Ravan A.,2020,Role of Vaccinium arctostaphylos extract on CCl4-induced chronic liver fibrosis in rats,10.1007/s00580-020-03131-x,exclude,exclude,exclude,Animal or in vitro study
1299,Scopus,Joo S.H.,2019,Exploration of the Oryza sativa l. Cyanidin-3-glucoside on the cognitive function in older adults with subjective memory impairment,10.30773/pi.2019.06.17,exclude,exclude,exclude,Other reason not meeting eligibility criteria
1300,Scopus,Kim S.,2017,Total antioxidant capacity from dietary supplement decreases the likelihood of having metabolic syndrome in korean adults,10.3390/nu9101055,exclude,exclude,exclude,Observational design
1301,Scopus,Farook V.S.,2015,Metabolites as novel biomarkers for childhood obesity-related traits in Mexican-American children,10.1111/ijpo.270,exclude,exclude,exclude,Other reason not meeting eligibility criteria
1302,Scopus,Ellwood L.,2019,Effects of flavonoid-rich fruits on hypertension in adults: A systematic review,10.11124/jbisrir-d-19-00050,include,include,include,
1303,Scopus,Zhu F.,2016,Chemical composition and health effects of Tartary buckwheat,10.1016/j.foodchem.2016.02.050,exclude,exclude,exclude,Review or non-original article
1304,Scopus,Faggio C.,2017,Flavonoids and platelet aggregation: A brief review,10.1016/j.ejphar.2017.04.009,exclude,exclude,exclude,Review or non-original article
1305,Scopus,Grosso G.,2018,Dietary polyphenol intake and risk of hypertension in the Polish arm of the HAPIEE study,10.1007/s00394-017-1438-7,include,include,include,
1306,Scopus,Farrag A.F.,2017,Characteristics of white soft cheese fortified with hibiscus soft drink as antimicrobial and hypertension treatment,10.3923/ijds.2017.122.129,exclude,exclude,exclude,Review or non-original article
1307,Scopus,Panchal S.K.,2017,"Selenium, Vanadium, and Chromium as Micronutrients to Improve Metabolic Syndrome",10.1007/s11906-017-0701-x,exclude,exclude,exclude,Review or non-original article
1308,Scopus,Gómez-Zorita S.,2020,Anti-obesity effects of macroalgae,10.3390/nu12082378,exclude,exclude,exclude,Review or non-original article
1309,Scopus,Da Porto A.,2021,Polyphenols rich diets and risk of type 2 diabetes,10.3390/nu13051445,exclude,exclude,exclude,Review or non-original article
1310,Scopus,Agarwal P.,2019,Association of strawberries and anthocyanidin intake with alzheimer’s dementia risk,10.3390/nu11123060,exclude,exclude,exclude,Other reason not meeting eligibility criteria
1311,Scopus,Salazar J.,2020,Role of dietary polyphenols in adipose tissue browning: A narrative review,10.2174/1381612826666200701211422,exclude,exclude,exclude,Review or non-original article
1312,Scopus,Murillo A.G.,2017,The relevance of dietary polyphenols in cardiovascular protection,10.2174/1381612823666170329144307,exclude,exclude,exclude,Review or non-original article
1313,Scopus,Ali B.H.,2017,Effect of aqueous extract and anthocyanins of calyces of Hibiscus sabdariffa (Malvaceae) in rats with adenine-induced chronic kidney disease,10.1111/jphp.12748,exclude,exclude,exclude,Animal or in vitro study
1314,Scopus,Dayoub O.,2013,"Pleiotropic beneficial effects of epigallocatechin gallate, quercetin and delphinidin on cardiovascular diseases associated with endothelial dysfunction",10.2174/1871525712666140309233048,exclude,exclude,exclude,Review or non-original article
1315,Scopus,Seymour E.M.,2013,Diet-relevant phytochemical intake affects the cardiac AhR and nrf2 transcriptome and reduces heart failure in hypertensive rats,10.1016/j.jnutbio.2013.01.008,exclude,exclude,exclude,Animal or in vitro study
1316,Scopus,Zhang S.,2021,Natural polyphenols in metabolic syndrome: Protective mechanisms and clinical applications,10.3390/ijms22116110,exclude,exclude,exclude,Review or non-original article
1317,Scopus,De Bruyne T.,2019,Dietary polyphenols targeting arterial stiffness: Interplay of contributing mechanisms and gut microbiome-related Metabolism,10.3390/nu11030578,exclude,exclude,exclude,Review or non-original article
1318,Scopus,Otang-Mbeng W.,2020,A review of beneficial phytochemicals and postharvest studies on some indigenous leafy vegetables from the mpumalanga province of south africa,10.5958/0975-6892.2020.00066.0,exclude,exclude,exclude,Review or non-original article
1319,Scopus,Accardi G.,2016,Mediterranean nutraceutical foods: Strategy to improve vascular ageing,10.1016/j.mad.2016.02.007,exclude,exclude,exclude,Review or non-original article
1320,Scopus,Grosso G.,2017,Dietary polyphenols are inversely associated with metabolic syndrome in Polish adults of the HAPIEE study,10.1007/s00394-016-1187-z,exclude,exclude,exclude,Observational design
1321,Scopus,Bhardwaj D.,2012,Phytochemical and pharmacological studies in genus Berberis,10.1007/s11101-013-9272-x,exclude,exclude,exclude,Review or non-original article
1322,Scopus,Lee Y.,2017,Neuroprotective strategies to prevent and treat Parkinson’s disease based on its pathophysiological mechanism,10.1007/s12272-017-0960-8,exclude,exclude,exclude,Review or non-original article
1323,Scopus,Banach M.,2021,PoLA/CFPiP/PCS/PSLD/PSD/PSH guidelines on diagnosis and therapy of lipid disorders in Poland 2021,10.5114/aoms/141941,exclude,exclude,exclude,Other reason not meeting eligibility criteria
1324,Scopus,de la Iglesia R.,2016,Dietary strategies implicated in the prevention and treatment of metabolic syndrome,10.3390/ijms17111877,exclude,exclude,exclude,Review or non-original article
1325,Scopus,Duffey K.J.,2015,Adult consumers of cranberry juice cocktail have lower C-reactive protein levels compared with nonconsumers,10.1016/j.nutres.2014.11.005,exclude,exclude,exclude,Observational design
1326,Scopus,Silva A.A.,2020,"Chemical characterization of the antioxidant, antihyperglycemic and antihypertensive capacities of red rice (Oryza sativa l.) whole flour; [Caracteristicas físico-químicas, capacidad antioxidante, anti-hiperlucémica y antihipertensiva de la harina de arroz rojo (Oryza sativa l.)]",10.4067/s0717-75182020000200238,exclude,exclude,exclude,Animal or in vitro study
1327,Scopus,Godos J.,2020,Association between dietary flavonoids intake and cognitive function in an Italian cohort,10.3390/biom10091300,exclude,exclude,exclude,Other reason not meeting eligibility criteria
1328,Scopus,Patti A.M.,2018,Natural approaches in metabolic syndrome management,10.5114/aoms.2017.68717,exclude,exclude,exclude,Review or non-original article
1329,Scopus,Cayero-Otero M.D.,2018,Potential use of nanomedicine for the anti-inflammatory treatment of neurodegenerative diseases,10.2174/1381612824666180403113015,exclude,exclude,exclude,Review or non-original article
1330,Scopus,Visvanathan R.,2016,Health-beneficial properties of potato and compounds of interest,10.1002/jsfa.7848,exclude,exclude,exclude,Review or non-original article
1331,Scopus,Özdemir B.,2016,Health properties of almond,,exclude,exclude,exclude,Review or non-original article
1332,Scopus,Ayinde K.S.,2020,AMPK allostery: A therapeutic target for the management/treatment of diabetic nephropathy,10.1016/j.lfs.2020.118455,exclude,exclude,exclude,Review or non-original article
1333,Scopus,Rathore D.,2019,Phytochemistry and pharmacology of genus Bombax,10.2174/2210315508666180831095836,exclude,exclude,exclude,Review or non-original article
1334,Scopus,Song J.,2020,New progress in the pharmacology of protocatechuic acid: A compound ingested in daily foods and herbs frequently and heavily,10.1016/j.phrs.2020.105109,exclude,exclude,exclude,Review or non-original article
1335,Scopus,Bub A.,2019,A dietary intervention of bioactive enriched foods aimed at adults at risk of metabolic syndrome: Protocol and results from PATHWAY-27 pilot study,10.3390/nu11081814,exclude,exclude,exclude,"Protocol, abstract or other non-report"
1336,Scopus,Fratantonio D.,2015,Palmitate-induced endothelial dysfunction is attenuated by cyanidin-3-O-glucoside through modulation of Nrf2/Bach1 and NF-κB pathways,10.1016/j.toxlet.2015.09.020,exclude,exclude,exclude,Animal or in vitro study
1337,Scopus,Sharma B.,2021,Pharmacokinetic and molecular docking studies of natural plant compounds of Hibiscus sabdariffa to design antihypertensive compounds targeting AT2R,10.1504/ijcbdd.2021.114097,exclude,exclude,exclude,Animal or in vitro study
1338,Scopus,Milia E.,2021,Leaves and fruits preparations of pistacia lentiscus l.: A review on the ethnopharmacological uses and implications in inflammation and infection,10.3390/antibiotics10040425,exclude,exclude,exclude,Review or non-original article
1339,Scopus,Akhlaghi M.,2016,Non-alcoholic Fatty Liver Disease: Beneficial Effects of Flavonoids,10.1002/ptr.5667,exclude,exclude,exclude,Review or non-original article
1340,Scopus,Vinayagam R.,2015,Antidiabetic properties of dietary flavonoids: A cellular mechanism review,10.1186/s12986-015-0057-7,exclude,exclude,exclude,Review or non-original article
1341,Scopus,Sakhaei R.,2021,"Cardiovascular and Renal Effects of Hibiscus Sabdariffa Linnaeus. in Patients with Diabetic Nephropathy: A Randomized, Double-Blind, Controlled Trial",10.18502/jnfs.v6i2.6062,include,include,include,
1342,Scopus,Singh V.,2018,"Allium schoenoprasum L.: a review of phytochemistry, pharmacology and future directions",10.1080/14786419.2017.1367783,exclude,exclude,exclude,Review or non-original article
1343,Scopus,Bischoff S.C.,2020,ESPEN practical guideline: Clinical nutrition in liver disease,10.1016/j.clnu.2020.09.001,exclude,exclude,exclude,Other reason not meeting eligibility criteria
1344,Scopus,Solverson P.M.,2019,An anthocyanin-rich mixed-berry intervention may improve insulin sensitivity in a randomized trial of overweight and obese adults,10.3390/nu11122876,include,include,include,
1345,Scopus,Sánchez-Gloria J.L.,2020,Nutraceuticals in the treatment of pulmonary arterial hypertension,10.3390/ijms21144827,exclude,exclude,exclude,Review or non-original article
1346,Scopus,Alavizadeh S.H.,2014,Bioactivity assessment and toxicity of crocin: A comprehensive review,10.1016/j.fct.2013.11.016,exclude,exclude,exclude,Review or non-original article
1347,Scopus,Ghini V.,2020,DHA-induced perturbation of human serum metabolome. Role of the food matrix and Co-administration of oat β-glucan and anthocyanins,10.3390/nu12010086,exclude,exclude,exclude,Other reason not meeting eligibility criteria
1348,Scopus,Oh J.S.,2017,Association of dietary flavonoid intake with prevalence of type 2 diabetes mellitus and cardiovascular disease risk factors in korean women aged ≥30 years,10.3177/jnsv.63.51,exclude,exclude,exclude,Observational design
1349,Scopus,Chu A.J.,2014,Antagonism by bioactive polyphenols against inflammation: A systematic view,10.2174/1871528112666131119211002,exclude,exclude,exclude,Review or non-original article
1350,Scopus,Prabhakar P.,2020,Antidiabetic phytochemicals: A comprehensive review on opportunities and challenges in targeted therapy for herbal drug development,10.31838/ijpr/2020.sp1.242,exclude,exclude,exclude,Review or non-original article
1351,Scopus,Lavanya B.,2018,A review on potential uses of culinary vegetables used in routine life as an anticancer agent,10.22159/ajpcr.2018.v11i8.25457,exclude,exclude,exclude,Review or non-original article
1352,Scopus,Parmar T.,2020,Retinoid analogs and polyphenols as potential therapeutics for age-related macular degeneration,10.1177/1535370220926938,exclude,exclude,exclude,Review or non-original article
1353,Scopus,Pastellidou E.,2021,Blackcurrant extract does not affect the speed–duration relationship during high-intensity running,10.1080/17461391.2020.1771428,exclude,exclude,exclude,Other reason not meeting eligibility criteria
1354,Scopus,Siasos G.,2013,Flavonoids in atherosclerosis: An overview of their mechanisms of action,10.2174/0929867311320210003,exclude,exclude,exclude,Review or non-original article
1355,Scopus,Putta S.,2015,A review on fruit pericarp a rich source of phytochemicals and pharmacological activities,,exclude,exclude,exclude,Review or non-original article
1356,Scopus,Dzugan M.,2018,The comparison of the physicochemical parameters and antioxidant activity of homemade and commercial pomegranate juices,10.17306/j.afs.2018.0529,exclude,exclude,exclude,Review or non-original article
1357,Scopus,Dias T.R.,2016,Emerging potential of natural products as an alternative strategy to pharmacological agents used against metabolic disorders,10.2174/1389200217666160229113629,exclude,exclude,exclude,Review or non-original article
1358,Scopus,Adjatin A.,2013,Phytochemical screening and toxicity studies of Crassocephalum rubens (Juss. ex Jacq.) S. Moore and Crassocephalum crepidioides (Benth.) S. Moore consumed as vegetable in Benin,,exclude,exclude,exclude,Review or non-original article
1359,Scopus,Tasic N.,2021,"Black chokeberry Aronia melanocarpa extract reduces blood pressure, glycemia and lipid profile in patients with metabolic syndrome: a prospective controlled trial",10.1007/s11010-021-04106-4,include,include,include,
1360,Scopus,Montanari S.,2021,No effects of different doses of New Zealand blackcurrant extract on cardiovascular responses during rest and submaximal exercise across a week in trained male cyclists,10.1123/ijsnem.2020-0164,include,include,include,
1361,Scopus,Calderón-Pérez L.,2021,Interplay between dietary phenolic compound intake and the human gut microbiome in hypertension: A cross-sectional study,10.1016/j.foodchem.2020.128567,include,include,include,
1362,Scopus,Cook M.D.,2020,"Effect of New Zealand Blackcurrant on Blood Pressure, Cognitive Function and Functional Performance in Older Adults",10.1080/21551197.2019.1707740,include,include,include,
1363,Scopus,Ou J.L.S.,2020,Effects of anthocyanins in composite meals on cardiometabolic outcomes—a systematic review of randomized controlled feeding trials,10.3390/nu12123781,include,include,include,
1364,Scopus,Si L.Y.-N.,2017,Roselle is cardioprotective in diet-induced obesity rat model with myocardial infarction,10.1016/j.lfs.2017.10.030,exclude,exclude,exclude,Animal or in vitro study
1365,Scopus,Nomura S.,2017,Comparison of the effects of three tea cultivars (Camellia sinensis L.) on nitric oxide production and aortic soluble guanylate cyclase expression in high-salt diet-fed spontaneously hypertensive rats,10.3177/jnsv.63.306,exclude,exclude,exclude,Animal or in vitro study
1366,Scopus,Fidelis M.,2020,"Camu-camu seed (Myrciaria dubia) – From side stream to an antioxidant, antihyperglycemic, antiproliferative, antimicrobial, antihemolytic, anti-inflammatory, and antihypertensive ingredient",10.1016/j.foodchem.2019.125909,exclude,exclude,exclude,Animal or in vitro study
1367,Scopus,Yamane T.,2017,Aronia juice suppresses the elevation of postprandial blood glucose levels in adult healthy Japanese,10.1016/j.yclnex.2017.01.002,exclude,exclude,exclude,Other reason not meeting eligibility criteria
1368,Scopus,Ilkun O.,2013,Cardiac dysfunction and oxidative stress in the metabolic syndrome: An update on antioxidant therapies,10.2174/1381612811319270003,exclude,exclude,exclude,Review or non-original article
1369,Scopus,Rashid S.,2018,Polyphenol-Rich Blackcurrant Juice Prevents Endothelial Dysfunction in the Mesenteric Artery of Cirrhotic Rats with Portal Hypertension: Role of Oxidative Stress and the Angiotensin System,10.1089/jmf.2017.0078,exclude,exclude,exclude,Animal or in vitro study
1370,Scopus,Patel S.,2014,Hibiscus sabdariffa: An ideal yet under-exploited candidate for nutraceutical applications,10.1016/j.bionut.2013.10.004,exclude,exclude,exclude,Review or non-original article
1371,Scopus,Ahamad J.,2021,A critical review on the unexplored therapeutic treasure of himalayan ayurvedic drug daruharidra (Berberis aristata),10.2174/2215083806999201117160106,exclude,exclude,exclude,Review or non-original article
1372,Scopus,Eliášová M.,2017,Total phenolic content and antioxidant activity of tritordeum wheat and barley,,exclude,exclude,exclude,Review or non-original article
1373,Scopus,Ahmad A.,2013,Effects of selected bioactive natural products on the vascular endothelium,10.1097/fjc.0b013e3182927e47,exclude,exclude,exclude,Review or non-original article
1374,Scopus,Chumpookam J.,2019,Antioxidant activity and nutritional value in mature fruit of seven mulberry cultivars,10.17660/actahortic.2019.1245.12,exclude,exclude,exclude,Review or non-original article
1375,Scopus,Kuzan A.,2021,Toxicity of advanced glycation end products (Review),10.3892/br.2021.1422,exclude,exclude,exclude,Review or non-original article
1376,Scopus,Tenore G.C.,2019,Effect of Annurca Apple Polyphenols on Intermittent Claudication in Patients With Peripheral Artery Disease,10.1016/j.amjcard.2018.11.034,exclude,exclude,exclude,Other reason not meeting eligibility criteria
1377,Scopus,Ebrahimabadi M.H.,2021,Immunomodulatory effects of medicinal plants used for vitiligo in traditional persian medicine,10.2174/1570163817666200517115438,exclude,exclude,exclude,Review or non-original article
1378,Scopus,Robles-Rivera R.R.,2020,Adjuvant Therapies in Diabetic Retinopathy as an Early Approach to Delay Its Progression: The Importance of Oxidative Stress and Inflammation,10.1155/2020/3096470,exclude,exclude,exclude,Review or non-original article
1379,Scopus,Cullen A.E.,2020,The impact of dietary supplementation of whole foods and polyphenols on atherosclerosis,10.3390/nu12072069,exclude,exclude,exclude,Review or non-original article
1380,Scopus,Dodd G.F.,2019,Acute effects of flavonoid-rich blueberry on cognitive and vascular function in healthy older adults,10.3233/nha-180056,include,include,include,
1381,Scopus,Neves M.F.,2018,Effects of nutrients and exercises to attenuate oxidative stress and prevent cardiovascular disease,10.2174/1381612825666190116143824,exclude,exclude,exclude,Review or non-original article
1382,Scopus,Arya V.S.,2020,Modulation of Renin-Angiotensin System by Aqueous Extract of Large Cardamom: In vitro and in silico Studies,10.1080/22311866.2020.1838947,exclude,exclude,exclude,Animal or in vitro study
1383,Scopus,Man A.W.C.,2020,The roles of gut microbiota and circadian rhythm in the cardiovascular protective effects of polyphenols,10.1111/bph.14850,exclude,exclude,exclude,Review or non-original article
1384,Scopus,Pérez-Torres I.,2013,"Hibiscus Sabdariffa Linnaeus (Malvaceae), curcumin and resveratrol as alternative medicinal agents against metabolic syndrome",10.2174/1871525711311010006,exclude,exclude,exclude,Review or non-original article
1385,Scopus,Moroşanu A.I.,2011,Antioxidant effect of aronia versus sambucus on murine model with or without arterial hypertension,,exclude,exclude,exclude,Animal or in vitro study
1386,Scopus,Nileeka Balasuriya B.W.,2011,Plant flavonoids as angiotensin converting enzyme inhibitors in regulation of hypertension,10.31989/ffhd.v1i5.132,exclude,exclude,exclude,Review or non-original article
1387,Scopus,Labinskyy N.,2006,"Vascular dysfunction in aging: Potential effects of resveratrol, an anti-inflammatory phytoestrogen",10.2174/092986706776360987,exclude,exclude,exclude,Review or non-original article
1388,Scopus,Kumar D.,2012,The genus Crataegus: Chemical and pharmacological perspectives,10.1590/s0102-695x2012005000094,exclude,exclude,exclude,Review or non-original article
1389,Scopus,Champalal K.D.,2011,Detailed profile of Crocus sativus,,exclude,exclude,exclude,Review or non-original article
1390,Scopus,Varela B.G.,2004,"Phoradendron liga (Gill. ex H. et A.) Eichl. (Viscaceae) used in folk medicine: Anatomical, phytochemical, and immunochemical studies",10.1016/j.jep.2004.04.027,exclude,exclude,exclude,Animal or in vitro study
1391,Scopus,Pandey K.B.,2009,Plant polyphenols as dietary antioxidants in human health and disease,10.4161/oxim.2.5.9498,exclude,exclude,exclude,Review or non-original article
1392,Scopus,Dwivedi S.,2007,Terminalia arjuna Wight & Arn.-A useful drug for cardiovascular disorders,10.1016/j.jep.2007.08.003,exclude,exclude,exclude,Review or non-original article
1393,Scopus,Shoba G.,2010,Flavonoids - Natural therapeutic agents for polycystic kidney disease,,exclude,exclude,exclude,Review or non-original article
1394,Scopus,Huntley A.L.,2007,Grape flavonoids and menopausal health,10.1258/175404507783004177,exclude,exclude,exclude,Review or non-original article
1395,Scopus,Ojewole J.A.O.,2010,"Sclerocarya birrea (A. Rich) Hochst. ['Marula'] (Anacardiaceae): A review of its phytochemistry, pharmacology and toxicology and its ethnomedicinal uses",10.1002/ptr.3080,exclude,exclude,exclude,Review or non-original article
1396,Scopus,Fava F.,2006,The gut microbiota and lipid metabolism: Implications for human health and coronary heart disease,10.2174/092986706778521814,exclude,exclude,exclude,Review or non-original article
1397,Scopus,Mattoo A.K.,2010,Genetic engineering to enhance crop-based phytonutrients (nutraceuticals) to alleviate diet-related diseases,10.1007/978-1-4419-7347-4_10,exclude,exclude,exclude,Review or non-original article
1398,Scopus,Nicolaides A.N.,2008,Management of chronic venous disorders of the lower limbs guidelines according to scientific evidence,,exclude,exclude,exclude,Review or non-original article
1399,Scopus,Serafini M.,2011,Modulation of plasma Non Enzimatic Antioxidant Capacity (NEAC) by plant foods: The role of polyphenol,10.2174/156802611796235125,exclude,exclude,exclude,Review or non-original article
1400,Scopus,Goncagul G.,2010,Antimicrobial effect of garlic (Allium sativum),10.2174/157489110790112536,exclude,exclude,exclude,Review or non-original article
1401,Scopus,Jurenka J.,2008,Therapeutic applications of pomegranate (Punica granatum L.): A review,,exclude,exclude,exclude,Review or non-original article
1402,Scopus,Edwards T.,2005,"Inflammation, pain, and chronic disease: An integrative approach to treatment and prevention",,exclude,exclude,exclude,Review or non-original article
1403,Scopus,Perrin M.,2011,"Pharmacological treatment of primary chronic venous disease: Rationale, results and unanswered questions",10.1016/j.ejvs.2010.09.025,exclude,exclude,exclude,Review or non-original article
1404,Scopus,Musharof Hossain M.,2011,Therapeutic orchids: Traditional uses and recent advances - An overview,10.1016/j.fitote.2010.09.007,exclude,exclude,exclude,Review or non-original article
1405,Scopus,Maron D.J.,2004,Flavonoids for reduction of atherosclerotic risk,10.1007/s11883-004-0119-1,exclude,exclude,exclude,Review or non-original article
1406,Scopus,Lakshmi T.,2011,Coping with hypertension using safer herbal medicine - A therapeutic review,,exclude,exclude,exclude,Review or non-original article
1407,Scopus,Hollenberg N.K.,2004,"Cocoa, flavanols and cardiovascular risk",,exclude,exclude,exclude,Review or non-original article
1408,Scopus,Ghanbari R.,2012,Valuable nutrients and functional bioactives in different parts of olive (Olea europaea L.)-A review,10.3390/ijms13033291,exclude,exclude,exclude,Review or non-original article
1409,Scopus,Seymour E.M.,2008,Chronic intake of a phytochemical-enriched diet reduces cardiac fibrosis and diastolic dysfunction caused by prolonged salt-sensitive hypertension,10.1093/gerona/63.10.1034,exclude,exclude,exclude,Animal or in vitro study
1410,Scopus,Shanmuganayagam D.,2007,"Concord grape juice attenuates platelet aggregation, serum cholesterol and development of atheroma in hypercholesterolemic rabbits",10.1016/j.atherosclerosis.2006.03.017,exclude,exclude,exclude,Animal or in vitro study
1411,Scopus,Thielbeer F.,2012,Fluorescein,10.1055/s-0031-1290426,exclude,exclude,exclude,Review or non-original article
1412,Scopus,Steed L.E.,2008,Continuous flow microwave-assisted processing and aseptic packaging of purple-fleshed sweetpotato purees,10.1111/j.1750-3841.2008.00950.x,exclude,exclude,exclude,Review or non-original article
1413,Scopus,Naruszewicz M.,2007,Combination therapy of statin with flavonoids rich extract from chokeberry fruits enhanced reduction in cardiovascular risk markers in patients after myocardial infraction (MI),10.1016/j.atherosclerosis.2006.12.032,exclude,exclude,exclude,Other reason not meeting eligibility criteria
1414,Scopus,Xia X.,2010,Targeting metabolic syndrome: Candidate natural agents,10.1111/j.1753-0407.2010.00090.x,exclude,exclude,exclude,Review or non-original article
1415,Scopus,Biswas S.K.,2011,Literature review on pharmacological potentials of Kalanchoe pinnata (Crassulaceae),10.5897/ajpp11.273,exclude,exclude,exclude,Review or non-original article
1416,Scopus,Ataie-Jafari A.,2008,Effects of sour cherry juice on blood glucose and some cardiovascular risk factors improvements in diabetic women A pilot study,10.1108/00346650810891414,exclude,exclude,exclude,Other reason not meeting eligibility criteria
1417,Scopus,Iriti M.,2009,Bioactivity of grape chemicals for human health,10.1177/1934578x0900400502,exclude,exclude,exclude,Review or non-original article
1418,Scopus,Paarakh P.M.,2010,Terminalia arjuna (Roxb.) wt. and am.: A review,10.3923/ijp.2010.515.534,exclude,exclude,exclude,Review or non-original article
1419,Scopus,Stoclet J.-C.,2001,Bonum vinum laetificat cor hominum,,exclude,exclude,exclude,Review or non-original article
1420,Scopus,Mozaffarieh M.,2010,Targeted preventive measures and advanced approaches in personalised treatment of glaucoma neuropathy,10.1007/s13167-010-0018-1,exclude,exclude,exclude,Review or non-original article
1421,Scopus,Karvaj M.,2007,"Wine - Positive and negative effects to neurologic, infectious and cardiovascular diseases",,exclude,exclude,exclude,Review or non-original article
1422,Scopus,Yadav M.,2009,Biological and medicinal properties of grapes and their bioactive constituents: An update,10.1089/jmf.2008.0096,exclude,exclude,exclude,Review or non-original article
1423,Scopus,Kulkarni V.,2011,Evaluation of antiepileptic potential of Hibiscus sabdariffa Linn,,exclude,exclude,exclude,Animal or in vitro study
1424,Scopus,Trapp O.,2010,Investigation of the stereodynamics of molecules and catalyzed reactions by CE,10.1002/elps.200900599,exclude,exclude,exclude,Review or non-original article
1425,Scopus,Mehrinfar R.,2008,Flavanol-rich cocoa: A cardioprotective nutriceutical,10.1097/crd.0b013e31815d95e2,exclude,exclude,exclude,Review or non-original article
1426,Scopus,Kothiyal S.K.,2012,Chemical constituents and biological significance of the genus ilex (aquifoliaceae),10.2174/2210315511202030212,exclude,exclude,exclude,Review or non-original article
1427,Scopus,Çetin A.,2009,A concise review: Antioxidant effects and bioactive constituents of grape,,exclude,exclude,exclude,Review or non-original article
1428,Scopus,Arya V.,2011,A review on plants having anti-arthritic potential,,exclude,exclude,exclude,Review or non-original article
1429,Scopus,Van Mierlo L.A.J.,2010,Grape polyphenols do not affect vascular function in healthy men,10.3945/jn.110.125518,include,include,include,
1430,Scopus,Kar P.,2006,Flavonoid-rich grapeseed extracts: A new approach in high cardiovascular risk patients?,10.1111/j.1742-1241.2006.01038.x,exclude,exclude,exclude,Review or non-original article
1431,Scopus,Dell'Agli M.,2004,Vascular effects of wine polyphenols,10.1016/j.cardiores.2004.03.019,exclude,exclude,exclude,Review or non-original article
1432,Scopus,He D.,2012,Total flavonoids of Flos Chrysanthemi protect arterial endothelial cells against oxidative stress,10.1016/j.jep.2011.10.043,exclude,exclude,exclude,Animal or in vitro study
1433,Scopus,Prasain J.K.,2010,"Flavonoids and age-related disease: Risk, benefits and critical windows",10.1016/j.maturitas.2010.01.010,exclude,exclude,exclude,Review or non-original article
1434,Scopus,Rastija V.,2011,An overview of innovations in analysis and beneficial health effects of wine polyphenols,10.2174/13895575111091256,exclude,exclude,exclude,Review or non-original article
1435,Scopus,Arranz S.,2012,"Wine, beer, alcohol and polyphenols on cardiovascular disease and cancer",10.3390/nu4070759,exclude,exclude,exclude,Review or non-original article
1436,Scopus,Das S.,2007,Experimental evidence for the cardioprotective effects of red wine,,exclude,exclude,exclude,Review or non-original article
1437,Scopus,Rathee P.,2009,Mechanism of action of flavonoids as anti-inflammatory agents: A review,10.2174/187152809788681029,exclude,exclude,exclude,Review or non-original article
1438,Scopus,Tyagi S.,2010,Phytochemicals as candidate therapeutics: An overview,,exclude,exclude,exclude,Review or non-original article
1439,Scopus,Kawaguchi K.,2011,Effects of antioxidant polyphenols on TNF-alpha-related diseases,10.2174/156802611796235152,exclude,exclude,exclude,Review or non-original article
1440,Scopus,Mozaffarieh M.,2007,Is There More to Glaucoma Treatment Than Lowering IOP?,10.1016/j.survophthal.2007.08.013,exclude,exclude,exclude,Review or non-original article
1441,Scopus,Mohiuddin E.,2011,Morus nigra - L. A,,exclude,exclude,exclude,Review or non-original article
1442,Scopus,Cherubini A.,2005,Role of antioxidants in atherosclerosis: Epidemiological and clinical update,10.2174/1381612054065783,exclude,exclude,exclude,Review or non-original article
1443,Scopus,Vijaya Bhargava K.,2011,Medicinal uses and pharmacological properties of Crocus sativus linn (saffron),,exclude,exclude,exclude,Review or non-original article
1444,Scopus,Aviram M.,2002,Pomegranate juice flavonoids inhibit low-density lipoprotein oxidation and cardiovascular diseases: Studies in atherosclerotic mice and in humans,,exclude,exclude,exclude,Review or non-original article
1445,Scopus,Curin Y.,2006,Cellular mechanisms of the protective effect of polyphenols on the neurovascular unit in strokes,10.2174/187152506778520691,exclude,exclude,exclude,Review or non-original article
1446,Scopus,de Leiris J.,2010,Diet and heart health: Moderate wine drinking strengthens the cardioprotective effects of fish consumption,10.2174/138920110793262024,exclude,exclude,exclude,Review or non-original article
1447,Scopus,Chuang C.-C.,2011,Potential mechanisms by which polyphenol-rich grapes prevent obesity-mediated inflammation and metabolic diseases,10.1146/annurev-nutr-072610-145149,exclude,exclude,exclude,Review or non-original article
1448,Scopus,Kay C.D.,2006,Effects of antioxidant-rich foods on vascular reactivity: Review of the clinical evidence,10.1007/s11883-006-0027-7,exclude,exclude,exclude,Review or non-original article
1449,Scopus,Javorková V.,2004,"Effect of polyphenolic compounds on the renal Na+, K+ -ATPase during development and persistence of hypertension in rats",10.1113/expphysiol.2003.002613,exclude,exclude,exclude,Animal or in vitro study
1450,Scopus,Corder R.,2001,Endothelin-1 synthesis red wine,10.1038/414863a,exclude,exclude,exclude,Review or non-original article
1451,Scopus,Baliga M.S.,2012,"Ixora coccinea Linn.: Traditional uses, phytochemistry and pharmacology",10.1007/s11655-011-0881-3,exclude,exclude,exclude,Review or non-original article
1452,Scopus,Whayne T.F.,2012,Nutrition and the healthy heart with an exercise boost,10.1139/y2012-074,exclude,exclude,exclude,Review or non-original article
1453,Scopus,Basu A.,2009,Pomegranate juice: A heart-healthy fruit juice,10.1111/j.1753-4887.2008.00133.x,exclude,exclude,exclude,Review or non-original article
1454,Scopus,Williamson G.,2008,Dietary reference intake (DRI) value for dietary polyphenols: Are we heading in the right direction?,10.1017/s0007114508006867,exclude,exclude,exclude,Review or non-original article
1455,Scopus,Preuss H.G.,2000,Effects of niacin-bound chromium and grape seed proanthocyanidin extract on the lipid profile of hypercholesterolemic subjects: A pilot study,,exclude,exclude,exclude,Other reason not meeting eligibility criteria
1456,Scopus,Fisher N.D.L.,2005,Flavanols for cardiovascular health: The science behind the sweetness,10.1097/01.hjh.0000174605.34027.9d,exclude,exclude,exclude,Review or non-original article
1457,Scopus,Queipo-Ortuño M.I.,2012,Influence of red wine polyphenols and ethanol on the gut microbiota ecology and biochemical biomarkers,10.3945/ajcn.111.027847,exclude,exclude,exclude,Other reason not meeting eligibility criteria
1458,Scopus,Mohan M.,2011,Effect of anthocyanidin fraction of hibiscus rosa-sinensis on blood pressure in deoxycorticosterone acetate (DOCA)-salt-hypertensive rats,,exclude,exclude,exclude,Animal or in vitro study
1459,Scopus,Goncagul G.,2010,Antimicrobial effect of garlic (Allium sativum) and traditional medicine,10.3923/javaa.2010.1.4,exclude,exclude,exclude,Review or non-original article
1460,Scopus,Vauzour D.,2010,Polyphenols and human health: Prevention of disease and mechanisms of action,10.3390/nu2111106,exclude,exclude,exclude,Review or non-original article
1461,Scopus,Curin Y.,2005,Polyphenols as potential therapeutical agents against cardiovascular diseases,,exclude,exclude,exclude,Review or non-original article
1462,Scopus,Lipinski B.,2012,Novel pathway of iron-induced blood coagulation: Implications for diabetes mellitus and its complications*,10.20452/pamw.1201,exclude,exclude,exclude,Review or non-original article
1463,Scopus,Pérez-Jiménez J.,2008,Grape products and cardiovascular disease risk factors,10.1017/s0954422408125124,exclude,exclude,exclude,Review or non-original article
1464,Scopus,Gross M.,2004,Flavonoids and cardiovascular disease,10.1080/13880200490893483,exclude,exclude,exclude,Review or non-original article
1465,Scopus,Lecour S.,2011,Natural polyphenols and cardioprotection,10.2174/138955711804586766,exclude,exclude,exclude,Review or non-original article
1466,Scopus,Ferrari N.,2011,Diet-derived phytochemicals: From cancer chemoprevention to cardio-oncological prevention,10.2174/138945011798184227,exclude,exclude,exclude,Review or non-original article
1467,Scopus,Ohguro I.,2007,Effects of anthocyanins in black currant on retinal blood flow circulation of patients with normal tension glaucoma. A pilot study,,exclude,exclude,exclude,Other reason not meeting eligibility criteria
1468,Scopus,Bell D.R.,2006,Direct vasoactive and vasoprotective properties of anthocyanin-rich extracts,10.1152/japplphysiol.00626.2005,exclude,exclude,exclude,Animal or in vitro study
1469,Scopus,Ndenecho E.N.,2009,Herbalism and resources for the development of ethnopharmacology in Mount Cameroon region,,exclude,exclude,exclude,Review or non-original article
1470,Scopus,Ga̧siorowski K.,2001,Antimutagenesis and anticarcinogenesis. II. The comparative analysis of the newly-recognized antimutagenic compounds in the short-term in vitro assays,,exclude,exclude,exclude,Review or non-original article
1471,Scopus,Selvam A.B.D.,2011,Utilization of conventional COT system to facilitate phytochemical and pharmacological studies: A proposal,10.5530/pj.2011.21.18,exclude,exclude,exclude,Review or non-original article
1472,Scopus,Nicholson S.K.,2008,Effects of dietary polyphenols on gene expression in human vascular endothelial cells,10.1017/s0029665108006009,exclude,exclude,exclude,Animal or in vitro study
1473,Scopus,Poonam V.,2011,Chemical constituents of the genus Prunus and their medicinal properties,10.2174/092986711803414386,exclude,exclude,exclude,Review or non-original article
1474,Scopus,Gresele P.,2011,Effects of resveratrol and other wine polyphenols on vascular function: An update,10.1016/j.jnutbio.2010.07.004,exclude,exclude,exclude,Review or non-original article
1475,Scopus,Rimbach G.,2009,Polyphenols from cocoa and vascular health - A critical review,10.3390/ijms10104290,exclude,exclude,exclude,Review or non-original article
1476,Scopus,Sanjust E.,2008,Mediterranean shrubs as potential antioxidant sources,10.1080/14786410801997125,exclude,exclude,exclude,Review or non-original article
1477,Scopus,Liu Z.,2008,Preparation of botanical samples for biomedical research,10.2174/187153008784534358,exclude,exclude,exclude,Review or non-original article
1478,Scopus,Magrone T.,2008,Polyphenols from red wine modulate immune responsiveness: Biological and clinical significance,10.2174/138161208786264098,exclude,exclude,exclude,Review or non-original article
1479,Scopus,Mladěnka P.,2010,Cardiovascular effects of flavonoids are not caused only by direct antioxidant activity,10.1016/j.freeradbiomed.2010.06.010,exclude,exclude,exclude,Review or non-original article
1480,Scopus,Fernández-Murga L.,2011,The impact of chocolate on cardiovascular health,10.1016/j.maturitas.2011.05.011,exclude,exclude,exclude,Review or non-original article
1481,Scopus,Mukherjee P.K.,2011,Bioactive compounds from natural resources against skin aging,10.1016/j.phymed.2011.10.003,exclude,exclude,exclude,Review or non-original article
1482,Scopus,Vasudeva N.,2008,Biologically active compounds from the genus Hibiscus,10.1080/13880200701575320,exclude,exclude,exclude,Review or non-original article
1483,Scopus,Schmitt C.A.,2009,Modulation of endothelial nitric oxide by plant-derived products,10.1016/j.niox.2009.05.006,exclude,exclude,exclude,Review or non-original article
1484,Scopus,Liu L.,2008,Moderate wine consumption in the prevention of metabolic syndrome and its related medical complications,10.2174/187153008784534385,exclude,exclude,exclude,Review or non-original article
1485,Scopus,Providência R.,2006,Cardiovascular protection from alcoholic drinks: Scientific basis of the French paradox; [Protecção cardiovascular por bebidas alcoólicas: Bases científicas do paradoxo Francês],,exclude,exclude,exclude,Review or non-original article
1486,Scopus,Carvajal-Zarrabal O.,2012,"Hibiscus sabdariffa L., roselle calyx, from ethnobotany to pharmacology",10.2147/jep.s27974,exclude,exclude,exclude,Review or non-original article
1487,Scopus,Lee R.,2008,"Palms, People, and Health",10.1016/j.explore.2007.10.009,exclude,exclude,exclude,Review or non-original article
1488,Scopus,Majumdar S.,2010,Potential of the bioflavonoids in the prevention/treatment of ocular disorders,10.1211/jpp.62.08.0001,exclude,exclude,exclude,Review or non-original article
1489,Scopus,Mukherjee S.,2009,Role of polyphenols in diet and nutrition - An updated review,10.2174/157340109788185580,exclude,exclude,exclude,Review or non-original article
1490,Scopus,Virgili F.,2008,"Regulation of cellular signals from nutritional molecules: a specific role for phytochemicals, beyond antioxidant activity",10.1016/j.freeradbiomed.2008.08.001,exclude,exclude,exclude,Review or non-original article
1491,Scopus,González-Castejón M.,2011,Dietary phytochemicals and their potential effects on obesity: A review,10.1016/j.phrs.2011.07.004,exclude,exclude,exclude,Review or non-original article
1492,Scopus,Ho Y.-S.,2012,From small to big molecules: How do we prevent and delay the progression of age- related neurodegeneration?,10.2174/138161212798919039,exclude,exclude,exclude,Review or non-original article
1493,Scopus,Marone E.M.,2010,Therapy of venous disorders in Italy: Results of a three-year survey,,exclude,exclude,exclude,Review or non-original article
1494,Scopus,Augusti K.T.,2012,A rethinking on the benefits and drawbacks of common antioxidants and a proposal to look for the antioxidants in Allium products as ideal agents: A review,10.1007/s12291-011-0146-y,exclude,exclude,exclude,Review or non-original article
1495,Scopus,Pitsch F.,2011,Recent guidelines in chronic venous disease: The place of Daflon 500 mg,,exclude,exclude,exclude,Review or non-original article
1496,Scopus,Yalçin F.N.,2006,"Ethnobotany, pharmacology and phytochemistry of the genus Lamium (Lamiaceae)",,exclude,exclude,exclude,Review or non-original article
1497,Scopus,Kay C.D.,2003,The postprandial effects of dietary antioxidants in humans,10.1007/s11883-003-0035-9,exclude,exclude,exclude,Review or non-original article
1498,Scopus,Papageorgiou N.,2012,Lifestyle factors and endothelial function,10.2174/157016112798829788,exclude,exclude,exclude,Review or non-original article
1499,Scopus,Sarr M.,2009,In vitro vasorelaxation mechanisms of bioactive compounds extracted from Hibiscus sabdariffa on rat thoracic aorta,10.1186/1743-7075-6-45,exclude,exclude,exclude,Animal or in vitro study
1500,PubMed,Rammohan A,2023,Antioxidants: Structure-activity of plant polyphenolics.,10.1016/bs.vh.2022.10.001,exclude,exclude,exclude,Review or non-original article
1501,PubMed,Tomas-Barberán F,2019,Advances in Health-Promoting Food Ingredients.,10.1021/acs.jafc.9b04279,exclude,exclude,exclude,Review or non-original article
1502,PubMed,Bordoni A,2019,The role of bioactives in energy metabolism and metabolic syndrome.,10.1017/s0029665119000545,exclude,exclude,exclude,Review or non-original article
1503,PubMed,Aprotosoaie AC,2016,The Cardiovascular Effects of Cocoa Polyphenols-An Overview.,10.3390/diseases4040039,exclude,exclude,exclude,Review or non-original article
1504,PubMed,Alharbi AE,2024,A Comprehensive Review of the Antimicrobial Effects of Hibiscus Species.,10.7759/cureus.73062,exclude,exclude,exclude,Review or non-original article
1505,PubMed,Chen CF,2010,[Chemical principles and bioactivities of blueberry].,,exclude,exclude,exclude,Review or non-original article
1506,PubMed,Cefalu WT,2008,Botanicals and the metabolic syndrome.,10.1093/ajcn/87.2.481s,exclude,exclude,exclude,Review or non-original article
1507,PubMed,Ayaz E,2007,[Garlic (Allium sativum) and traditional medicine].,,exclude,exclude,exclude,Review or non-original article
1508,PubMed,Aviram M,2013,Pomegranate for your cardiovascular health.,10.5041/rmmj.10113,exclude,exclude,exclude,Review or non-original article
1509,PubMed,McKay DL,2007,Cranberries (Vaccinium macrocarpon) and cardiovascular disease risk factors.,10.1111/j.1753-4887.2007.tb00273.x,exclude,exclude,exclude,Review or non-original article
1510,PubMed,Guardiola S,2014,[Therapeutic potential of Hibiscus sabdariffa: a review of the scientific  evidence].,10.1016/j.endonu.2013.10.012,exclude,exclude,exclude,Review or non-original article
1511,PubMed,Lubis L,2024,Roselle (Hibiscus sabdariffa L.) calyces tea improves physical fitness of healthy  adults.,10.3892/br.2024.1737,include,include,include,
1512,PubMed,Karhanová M,2015,[ProVens® in the Therapy of Glaucoma and Ocular Hypertension].,,exclude,exclude,exclude,Review or non-original article
1513,PubMed,Safaeian L,2015,Cytoprotective and antioxidant effects of Echium amoenum anthocyanin-rich extract  in human endothelial cells (HUVECs).,,exclude,exclude,exclude,Animal or in vitro study
1514,PubMed,Drossard C,2011,Anthocyanin analysis in banana fruit--a mistake.,10.3945/ajcn.110.010454,exclude,exclude,exclude,Review or non-original article
1515,PubMed,Noor U,2022,Punica granatum Peel Waste - An Underutilized Substrate of Therapeutic Potential:  An Overview.,10.2174/2772574x14666221124163344,exclude,exclude,exclude,Review or non-original article
1516,PubMed,Fawzi Mahomoodally M,2023,Chemical Characterization and Multidirectional Biological Effects of Different  Solvent Extracts of Arum elongatum: in Vitro and in Silico Approaches.,10.1002/cbdv.202201181,exclude,exclude,exclude,Animal or in vitro study
1517,PubMed,Dżugan M,2018,The comparison of the physicochemical parameters and antioxidant activity of  homemade and commercial pomegranate juices.,10.17306/j.afs.0529,exclude,exclude,exclude,Review or non-original article
1518,PubMed,Broncel M,2007,"[Effect of anthocyanins from Aronia melanocarpa on blood pressure, concentration  of endothelin-1 and lipids in patients with metabolic syndrome].",,exclude,exclude,exclude,Other reason not meeting eligibility criteria
1519,PubMed,Fantinelli JC,2005,Effects of different fractions of a red wine non-alcoholic extract on  ischemia-reperfusion injury.,10.1016/j.lfs.2004.10.044,exclude,exclude,exclude,Animal or in vitro study
1520,PubMed,Bertuglia S,1995,Effects of the natural flavonoid delphinidin on diabetic microangiopathy.,,exclude,exclude,exclude,Animal or in vitro study
1521,PubMed,Kim MH,2013,"Dietary isoflavone intake, urinary isoflavone level, and their relationship with  metabolic syndrome diagnostic components in korean postmenopausal women.",10.7762/cnr.2013.2.1.59,exclude,exclude,exclude,Observational design
1522,PubMed,Li Y,2020,[Status analysis and thinking on experimental study on efficacy of Mori Fructus  in treatment of cardiovascular diseases].,10.19540/j.cnki.cjcmm.20200309.401,exclude,exclude,exclude,Review or non-original article
1523,PubMed,Hamzah NA,2022,The first transcriptome dataset of roselle (Hibiscus sabdariffa L.) calyces  during maturation.,10.1016/j.dib.2022.108613,exclude,exclude,exclude,Review or non-original article
